,ASPEN-R-7-A,ASPEN-R-4-A,ASPEN-R-2-B,ASPEN-R-6-B,ASPEN-R-3-A,ASPEN-R-6-A,ASPEN-R-2-A,ASPEN-R-4-B,ASPEN-R-5-A,ASPEN-R-7-B,ASPEN-R-3-B,ASPEN-R-5-B,ASPEN-R-1-A,ASPEN-R-8-B,ASPEN-R-8-A,ASPEN-R-1-B,ASPEN-U-13-B,ASPEN-U-14-B,ASPEN-U-17-A,ASPEN-R-13-A,ASPEN-U-10-A,ASPEN-U-12-B,ASPEN-U-14-A,ASPEN-U-15-A,ASPEN-U-15-B,ASPEN-U-18-A,ASPEN-R-9-B,ASPEN-R-18-B,ASPEN-U-9-B,ASPEN-U-16-A,ASPEN-U-17-B,ASPEN-R-13-B,ASPEN-R-18-A,ASPEN-U-8-B,ASPEN-U-10-B,ASPEN-U-11-B,ASPEN-U-16-B,ASPEN-U-18-B,ASPEN-R-14-B,ASPEN-R-9-A,ASPEN-R-16-B,ASPEN-U-6-A,ASPEN-U-6-B,ASPEN-U-11-A,ASPEN-U-13-A,ASPEN-R-14-A,ASPEN-R-17-A,ASPEN-R-11-A,ASPEN-R-11-B,ASPEN-R-10-B,ASPEN-R-17-B,ASPEN-R-12-B,ASPEN-R-15-A,ASPEN-U-8-A,ASPEN-R-10-A,ASPEN-R-12-A,ASPEN-R-15-B,ASPEN-U-9-A,ASPEN-V-10-A,ASPEN-TAT-3-A,ASPEN-TAT-3-B,ASPEN-TAT-9-A,ASPEN-V-4-A,ASPEN-V-7-B,ASPEN-TAT-9-B,ASPEN-TAT-7-A,ASPEN-TAT-7-B,ASPEN-TAT-1-A,ASPEN-TAT-13-A,ASPEN-V-17-B,ASPEN-TAT-10-A,ASPEN-TAT-10-B,ASPEN-TAT-5-A,ASPEN-TAT-1-B,ASPEN-TAT-17-B,ASPEN-V-3-A,ASPEN-V-3-B,ASPEN-V-15-A,ASPEN-V-16-A,ASPEN-V-16-B,ASPEN-TAT-6-B,ASPEN-TAT-12-B,ASPEN-TAT-16-A,ASPEN-TAT-17-A,ASPEN-V-2-A,ASPEN-V-5-A,ASPEN-V-5-B,ASPEN-V-9-A,ASPEN-V-1-A,ASPEN-V-12-B,ASPEN-V-15-B,ASPEN-TAT-5-B,ASPEN-V-6-A,ASPEN-V-6-B,ASPEN-V-7-A,ASPEN-V-8-B,ASPEN-V-13-B,ASPEN-TAT-4-A,ASPEN-TAT-4-B,ASPEN-TAT-6-A,ASPEN-TAT-12-A,ASPEN-TAT-16-B,ASPEN-V-10-B,ASPEN-V-13-A,ASPEN-V-14-A,ASPEN-TAT-13-B,ASPEN-TAT-18-A,ASPEN-TAT-18-B,ASPEN-V-8-A,ASPEN-TAT-2-A,ASPEN-TAT-11-B,ASPEN-V-11-B,ASPEN-V-11-A,ASPEN-V-12-A,ASPEN-V-17-A,ASPEN-V-18-B,ASPEN-V-18-A,ASPEN-TAT-8-B,ASPEN-V-1-B,ASPEN-V-14-B,ASPEN-TAT-2-B,ASPEN-TAT-11-A,ASPEN-TAT-15-B,ASPEN-TAT-15-A,ASPEN-TAT-14-A,ASPEN-TAT-8-A,ASPEN-TAT-14-B
1883,2.885,0.382,NA,NA,NA,NA,NA,NA,NA,NA,NA,NA,NA,NA,NA,NA,NA,NA,NA,NA,NA,NA,NA,NA,NA,NA,NA,NA,NA,NA,NA,NA,NA,NA,NA,NA,NA,NA,NA,NA,NA,NA,NA,NA,NA,NA,NA,NA,NA,NA,NA,NA,NA,NA,NA,NA,NA,NA,NA,NA,NA,NA,NA,NA,NA,NA,NA,NA,NA,NA,NA,NA,NA,NA,NA,NA,NA,NA,NA,NA,NA,NA,NA,NA,NA,NA,NA,NA,NA,NA,NA,NA,NA,NA,NA,NA,NA,NA,NA,NA,NA,NA,NA,NA,NA,NA,NA,NA,NA,NA,NA,NA,NA,NA,NA,NA,NA,NA,NA,NA,NA,NA,NA,NA,NA,NA,NA
1884,1.581,0.559,NA,NA,NA,NA,NA,NA,NA,NA,NA,NA,NA,NA,NA,NA,NA,NA,NA,NA,NA,NA,NA,NA,NA,NA,NA,NA,NA,NA,NA,NA,NA,NA,NA,NA,NA,NA,NA,NA,NA,NA,NA,NA,NA,NA,NA,NA,NA,NA,NA,NA,NA,NA,NA,NA,NA,NA,NA,NA,NA,NA,NA,NA,NA,NA,NA,NA,NA,NA,NA,NA,NA,NA,NA,NA,NA,NA,NA,NA,NA,NA,NA,NA,NA,NA,NA,NA,NA,NA,NA,NA,NA,NA,NA,NA,NA,NA,NA,NA,NA,NA,NA,NA,NA,NA,NA,NA,NA,NA,NA,NA,NA,NA,NA,NA,NA,NA,NA,NA,NA,NA,NA,NA,NA,NA,NA
1885,0.751,1.341,0.904,NA,NA,NA,NA,NA,NA,NA,NA,NA,NA,NA,NA,NA,NA,NA,NA,NA,NA,NA,NA,NA,NA,NA,NA,NA,NA,NA,NA,NA,NA,NA,NA,NA,NA,NA,NA,NA,NA,NA,NA,NA,NA,NA,NA,NA,NA,NA,NA,NA,NA,NA,NA,NA,NA,NA,NA,NA,NA,NA,NA,NA,NA,NA,NA,NA,NA,NA,NA,NA,NA,NA,NA,NA,NA,NA,NA,NA,NA,NA,NA,NA,NA,NA,NA,NA,NA,NA,NA,NA,NA,NA,NA,NA,NA,NA,NA,NA,NA,NA,NA,NA,NA,NA,NA,NA,NA,NA,NA,NA,NA,NA,NA,NA,NA,NA,NA,NA,NA,NA,NA,NA,NA,NA,NA
1886,1.076,1.815,2.097,NA,NA,NA,NA,NA,NA,NA,NA,NA,NA,NA,NA,NA,NA,NA,NA,NA,NA,NA,NA,NA,NA,NA,NA,NA,NA,NA,NA,NA,NA,NA,NA,NA,NA,NA,NA,NA,NA,NA,NA,NA,NA,NA,NA,NA,NA,NA,NA,NA,NA,NA,NA,NA,NA,NA,NA,NA,NA,NA,NA,NA,NA,NA,NA,NA,NA,NA,NA,NA,NA,NA,NA,NA,NA,NA,NA,NA,NA,NA,NA,NA,NA,NA,NA,NA,NA,NA,NA,NA,NA,NA,NA,NA,NA,NA,NA,NA,NA,NA,NA,NA,NA,NA,NA,NA,NA,NA,NA,NA,NA,NA,NA,NA,NA,NA,NA,NA,NA,NA,NA,NA,NA,NA,NA
1887,2.622,2.614,1.725,2.515,NA,NA,NA,NA,NA,NA,NA,NA,NA,NA,NA,NA,NA,NA,NA,NA,NA,NA,NA,NA,NA,NA,NA,NA,NA,NA,NA,NA,NA,NA,NA,NA,NA,NA,NA,NA,NA,NA,NA,NA,NA,NA,NA,NA,NA,NA,NA,NA,NA,NA,NA,NA,NA,NA,NA,NA,NA,NA,NA,NA,NA,NA,NA,NA,NA,NA,NA,NA,NA,NA,NA,NA,NA,NA,NA,NA,NA,NA,NA,NA,NA,NA,NA,NA,NA,NA,NA,NA,NA,NA,NA,NA,NA,NA,NA,NA,NA,NA,NA,NA,NA,NA,NA,NA,NA,NA,NA,NA,NA,NA,NA,NA,NA,NA,NA,NA,NA,NA,NA,NA,NA,NA,NA
1888,1.407,2.075,2.397,2.369,1.554,1.8,2.404,NA,NA,NA,NA,NA,NA,NA,NA,NA,NA,NA,NA,NA,NA,NA,NA,NA,NA,NA,NA,NA,NA,NA,NA,NA,NA,NA,NA,NA,NA,NA,NA,NA,NA,NA,NA,NA,NA,NA,NA,NA,NA,NA,NA,NA,NA,NA,NA,NA,NA,NA,NA,NA,NA,NA,NA,NA,NA,NA,NA,NA,NA,NA,NA,NA,NA,NA,NA,NA,NA,NA,NA,NA,NA,NA,NA,NA,NA,NA,NA,NA,NA,NA,NA,NA,NA,NA,NA,NA,NA,NA,NA,NA,NA,NA,NA,NA,NA,NA,NA,NA,NA,NA,NA,NA,NA,NA,NA,NA,NA,NA,NA,NA,NA,NA,NA,NA,NA,NA,NA
1889,2.222,2.647,1.402,1.638,2.072,1.878,1.667,2.828,NA,NA,NA,NA,NA,NA,NA,NA,NA,NA,NA,NA,NA,NA,NA,NA,NA,NA,NA,NA,NA,NA,NA,NA,NA,NA,NA,NA,NA,NA,NA,NA,NA,NA,NA,NA,NA,NA,NA,NA,NA,NA,NA,NA,NA,NA,NA,NA,NA,NA,NA,NA,NA,NA,NA,NA,NA,NA,NA,NA,NA,NA,NA,NA,NA,NA,NA,NA,NA,NA,NA,NA,NA,NA,NA,NA,NA,NA,NA,NA,NA,NA,NA,NA,NA,NA,NA,NA,NA,NA,NA,NA,NA,NA,NA,NA,NA,NA,NA,NA,NA,NA,NA,NA,NA,NA,NA,NA,NA,NA,NA,NA,NA,NA,NA,NA,NA,NA,NA
1890,2.521,2.595,1.548,1.807,1.911,1.963,1.743,3.47,NA,NA,NA,NA,NA,NA,NA,NA,NA,NA,NA,NA,NA,NA,NA,NA,NA,NA,NA,NA,NA,NA,NA,NA,NA,NA,NA,NA,NA,NA,NA,NA,NA,NA,NA,NA,NA,NA,NA,NA,NA,NA,NA,NA,NA,NA,NA,NA,NA,NA,NA,NA,NA,NA,NA,NA,NA,NA,NA,NA,NA,NA,NA,NA,NA,NA,NA,NA,NA,NA,NA,NA,NA,NA,NA,NA,NA,NA,NA,NA,NA,NA,NA,NA,NA,NA,NA,NA,NA,NA,NA,NA,NA,NA,NA,NA,NA,NA,NA,NA,NA,NA,NA,NA,NA,NA,NA,NA,NA,NA,NA,NA,NA,NA,NA,NA,NA,NA,NA
1891,2.678,2.375,1.478,2.103,2.463,2.643,1.616,3.165,1.352,NA,NA,NA,NA,NA,NA,NA,NA,NA,NA,NA,NA,NA,NA,NA,NA,NA,NA,NA,NA,NA,NA,NA,NA,NA,NA,NA,NA,NA,NA,NA,NA,NA,NA,NA,NA,NA,NA,NA,NA,NA,NA,NA,NA,NA,NA,NA,NA,NA,NA,NA,NA,NA,NA,NA,NA,NA,NA,NA,NA,NA,NA,NA,NA,NA,NA,NA,NA,NA,NA,NA,NA,NA,NA,NA,NA,NA,NA,NA,NA,NA,NA,NA,NA,NA,NA,NA,NA,NA,NA,NA,NA,NA,NA,NA,NA,NA,NA,NA,NA,NA,NA,NA,NA,NA,NA,NA,NA,NA,NA,NA,NA,NA,NA,NA,NA,NA,NA
1892,2.078,2.353,1.29,1.689,2.5,2.119,1.231,3.112,1.642,NA,NA,NA,NA,NA,NA,NA,NA,NA,NA,NA,NA,NA,NA,NA,NA,NA,NA,NA,NA,NA,NA,NA,NA,NA,NA,NA,NA,NA,NA,NA,NA,NA,NA,NA,NA,NA,NA,NA,NA,NA,NA,NA,NA,NA,NA,NA,NA,NA,NA,NA,NA,NA,NA,NA,NA,NA,NA,NA,NA,NA,NA,NA,NA,NA,NA,NA,NA,NA,NA,NA,NA,NA,NA,NA,NA,NA,NA,NA,NA,NA,NA,NA,NA,NA,NA,NA,NA,NA,NA,NA,NA,NA,NA,NA,NA,NA,NA,NA,NA,NA,NA,NA,NA,NA,NA,NA,NA,NA,NA,NA,NA,NA,NA,NA,NA,NA,NA
1893,1.946,2.047,1.285,1.671,1.744,1.708,1.276,2.511,1.788,NA,NA,NA,NA,NA,NA,NA,NA,NA,NA,NA,NA,NA,NA,NA,NA,NA,NA,NA,NA,NA,NA,NA,NA,NA,NA,NA,NA,NA,NA,NA,NA,NA,NA,NA,NA,NA,NA,NA,NA,NA,NA,NA,NA,NA,NA,NA,NA,NA,NA,NA,NA,NA,NA,NA,NA,NA,NA,NA,NA,NA,NA,NA,NA,NA,NA,NA,NA,NA,NA,NA,NA,NA,NA,NA,NA,NA,NA,NA,NA,NA,NA,NA,NA,NA,NA,NA,NA,NA,NA,NA,NA,NA,NA,NA,NA,NA,NA,NA,NA,NA,NA,NA,NA,NA,NA,NA,NA,NA,NA,NA,NA,NA,NA,NA,NA,NA,NA
1894,1.931,2.224,1.449,1.758,1.685,1.623,1.554,2.968,1.272,2.014,NA,NA,NA,NA,NA,NA,NA,NA,NA,NA,NA,NA,NA,NA,NA,NA,NA,NA,NA,NA,NA,NA,NA,NA,NA,NA,NA,NA,NA,NA,NA,NA,NA,NA,NA,NA,NA,NA,NA,NA,NA,NA,NA,NA,NA,NA,NA,NA,NA,NA,NA,NA,NA,NA,NA,NA,NA,NA,NA,NA,NA,NA,NA,NA,NA,NA,NA,NA,NA,NA,NA,NA,NA,NA,NA,NA,NA,NA,NA,NA,NA,NA,NA,NA,NA,NA,NA,NA,NA,NA,NA,NA,NA,NA,NA,NA,NA,NA,NA,NA,NA,NA,NA,NA,NA,NA,NA,NA,NA,NA,NA,NA,NA,NA,NA,NA,NA
1895,1.793,2.346,1.415,1.714,1.893,1.446,1.082,2.988,0.617,1.8,NA,NA,NA,NA,NA,NA,NA,NA,NA,NA,NA,NA,NA,NA,NA,NA,NA,NA,NA,NA,NA,NA,NA,NA,NA,NA,NA,NA,NA,NA,NA,NA,NA,NA,NA,NA,NA,NA,NA,NA,NA,NA,NA,NA,NA,NA,NA,NA,NA,NA,NA,NA,NA,NA,NA,NA,NA,NA,NA,NA,NA,NA,NA,NA,NA,NA,NA,NA,NA,NA,NA,NA,NA,NA,NA,NA,NA,NA,NA,NA,NA,NA,NA,NA,NA,NA,NA,NA,NA,NA,NA,NA,NA,NA,NA,NA,NA,NA,NA,NA,NA,NA,NA,NA,NA,NA,NA,NA,NA,NA,NA,NA,NA,NA,NA,NA,NA
1896,0.744,1.339,0.705,0.702,1.36,0.756,0.72,2.292,0.764,0.627,1.275,1.091,NA,NA,NA,NA,NA,NA,NA,NA,NA,NA,NA,NA,NA,NA,NA,NA,NA,NA,NA,NA,NA,NA,NA,NA,NA,NA,NA,NA,NA,NA,NA,NA,NA,NA,NA,NA,NA,NA,NA,NA,NA,NA,NA,NA,NA,NA,NA,NA,NA,NA,NA,NA,NA,NA,NA,NA,NA,NA,NA,NA,NA,NA,NA,NA,NA,NA,NA,NA,NA,NA,NA,NA,NA,NA,NA,NA,NA,NA,NA,NA,NA,NA,NA,NA,NA,NA,NA,NA,NA,NA,NA,NA,NA,NA,NA,NA,NA,NA,NA,NA,NA,NA,NA,NA,NA,NA,NA,NA,NA,NA,NA,NA,NA,NA,NA
1897,1.304,2.53,1.188,1.278,1.663,1.143,1.029,2.802,1.858,1.143,1.743,1.786,NA,NA,NA,NA,NA,NA,NA,NA,NA,NA,NA,NA,NA,NA,NA,NA,NA,NA,NA,NA,NA,NA,NA,NA,NA,NA,NA,NA,NA,NA,NA,NA,NA,NA,NA,NA,NA,NA,NA,NA,NA,NA,NA,NA,NA,NA,NA,NA,NA,NA,NA,NA,NA,NA,NA,NA,NA,NA,NA,NA,NA,NA,NA,NA,NA,NA,NA,NA,NA,NA,NA,NA,NA,NA,NA,NA,NA,NA,NA,NA,NA,NA,NA,NA,NA,NA,NA,NA,NA,NA,NA,NA,NA,NA,NA,NA,NA,NA,NA,NA,NA,NA,NA,NA,NA,NA,NA,NA,NA,NA,NA,NA,NA,NA,NA
1898,1.128,2.424,1.015,1.101,1.445,1.25,1.198,3.229,1.509,1.361,1.889,1.585,1.418,2.12,NA,NA,NA,NA,NA,NA,NA,NA,NA,NA,NA,NA,NA,NA,NA,NA,NA,NA,NA,NA,NA,NA,NA,NA,NA,NA,NA,NA,NA,NA,NA,NA,NA,NA,NA,NA,NA,NA,NA,NA,NA,NA,NA,NA,NA,NA,NA,NA,NA,NA,NA,NA,NA,NA,NA,NA,NA,NA,NA,NA,NA,NA,NA,NA,NA,NA,NA,NA,NA,NA,NA,NA,NA,NA,NA,NA,NA,NA,NA,NA,NA,NA,NA,NA,NA,NA,NA,NA,NA,NA,NA,NA,NA,NA,NA,NA,NA,NA,NA,NA,NA,NA,NA,NA,NA,NA,NA,NA,NA,NA,NA,NA,NA
1899,1.896,2.332,1.214,1.396,1.255,1.087,1.617,3.533,1.36,2.048,1.468,1.824,0.928,2.69,NA,NA,NA,NA,NA,NA,NA,NA,NA,NA,NA,NA,NA,NA,NA,NA,NA,NA,NA,NA,NA,NA,NA,NA,NA,NA,NA,NA,NA,NA,NA,NA,NA,NA,NA,NA,NA,NA,NA,NA,NA,NA,NA,NA,NA,NA,NA,NA,NA,NA,NA,NA,NA,NA,NA,NA,NA,NA,NA,NA,NA,NA,NA,NA,NA,NA,NA,NA,NA,NA,NA,NA,NA,NA,NA,NA,NA,NA,NA,NA,NA,NA,NA,NA,NA,NA,NA,NA,NA,NA,NA,NA,NA,NA,NA,NA,NA,NA,NA,NA,NA,NA,NA,NA,NA,NA,NA,NA,NA,NA,NA,NA,NA
1900,1.843,2.709,1.181,1.798,1.402,1.466,1.212,3.439,1.695,1.62,2.152,2.023,1.767,2.187,NA,NA,NA,NA,NA,NA,NA,NA,NA,NA,NA,NA,NA,NA,NA,NA,NA,NA,NA,NA,NA,NA,NA,NA,NA,NA,NA,NA,NA,NA,NA,NA,NA,NA,NA,NA,NA,NA,NA,NA,NA,NA,NA,NA,NA,NA,NA,NA,NA,NA,NA,NA,NA,NA,NA,NA,NA,NA,NA,NA,NA,NA,NA,NA,NA,NA,NA,NA,NA,NA,NA,NA,NA,NA,NA,NA,NA,NA,NA,NA,NA,NA,NA,NA,NA,NA,NA,NA,NA,NA,NA,NA,NA,NA,NA,NA,NA,NA,NA,NA,NA,NA,NA,NA,NA,NA,NA,NA,NA,NA,NA,NA,NA
1901,1.371,2.679,1.242,2.169,1.929,1.747,1.534,4.047,1.875,1.611,1.958,2.549,1.962,1.968,NA,NA,NA,NA,NA,NA,NA,NA,NA,NA,NA,NA,NA,NA,NA,NA,NA,NA,NA,NA,NA,NA,NA,NA,NA,NA,NA,NA,NA,NA,NA,NA,NA,NA,NA,NA,NA,NA,NA,NA,NA,NA,NA,NA,NA,NA,NA,NA,NA,NA,NA,NA,NA,NA,NA,NA,NA,NA,NA,NA,NA,NA,NA,NA,NA,NA,NA,NA,NA,NA,NA,NA,NA,NA,NA,NA,NA,NA,NA,NA,NA,NA,NA,NA,NA,NA,NA,NA,NA,NA,NA,NA,NA,NA,NA,NA,NA,NA,NA,NA,NA,NA,NA,NA,NA,NA,NA,NA,NA,NA,NA,NA,NA
1902,1.176,2.306,1.299,0.995,0.828,1.062,0.974,2.847,1.441,1.043,1.025,1.674,1.359,1.337,NA,NA,NA,NA,NA,NA,NA,NA,NA,NA,NA,NA,NA,NA,NA,NA,NA,NA,NA,NA,NA,NA,NA,NA,NA,NA,NA,NA,NA,NA,NA,NA,NA,NA,NA,NA,NA,NA,NA,NA,NA,NA,NA,NA,NA,NA,NA,NA,NA,NA,NA,NA,NA,NA,NA,NA,NA,NA,NA,NA,NA,NA,NA,NA,NA,NA,NA,NA,NA,NA,NA,NA,NA,NA,NA,NA,NA,NA,NA,NA,NA,NA,NA,NA,NA,NA,NA,NA,NA,NA,NA,NA,NA,NA,NA,NA,NA,NA,NA,NA,NA,NA,NA,NA,NA,NA,NA,NA,NA,NA,NA,NA,NA
1903,0.477,1.449,0.488,0.732,0.324,0.711,0.762,2.051,0.981,0.75,0.44,1.033,0.651,0.797,1.773,NA,NA,NA,NA,NA,NA,NA,NA,NA,NA,NA,NA,NA,NA,NA,NA,NA,NA,NA,NA,NA,NA,NA,NA,NA,NA,NA,NA,NA,NA,NA,NA,NA,NA,NA,NA,NA,NA,NA,NA,NA,NA,NA,NA,NA,NA,NA,NA,NA,NA,NA,NA,NA,NA,NA,NA,NA,NA,NA,NA,NA,NA,NA,NA,NA,NA,NA,NA,NA,NA,NA,NA,NA,NA,NA,NA,NA,NA,NA,NA,NA,NA,NA,NA,NA,NA,NA,NA,NA,NA,NA,NA,NA,NA,NA,NA,NA,NA,NA,NA,NA,NA,NA,NA,NA,NA,NA,NA,NA,NA,NA,NA
1904,0.59,1.707,0.946,0.483,0.359,0.595,1.017,2.27,0.797,0.676,0.418,0.948,0.82,0.907,1.191,NA,NA,NA,NA,NA,NA,NA,NA,NA,NA,NA,NA,NA,NA,NA,NA,NA,NA,NA,NA,NA,NA,NA,NA,NA,NA,NA,NA,NA,NA,NA,NA,NA,NA,NA,NA,NA,NA,NA,NA,NA,NA,NA,NA,NA,NA,NA,NA,NA,NA,NA,NA,NA,NA,NA,NA,NA,NA,NA,NA,NA,NA,NA,NA,NA,NA,NA,NA,NA,NA,NA,NA,NA,NA,NA,NA,NA,NA,NA,NA,NA,NA,NA,NA,NA,NA,NA,NA,NA,NA,NA,NA,NA,NA,NA,NA,NA,NA,NA,NA,NA,NA,NA,NA,NA,NA,NA,NA,NA,NA,NA,NA
1905,0.33,1.287,0.883,0.826,0.467,0.674,0.983,1.937,0.631,0.408,0.553,0.734,0.81,0.852,0.908,NA,NA,NA,NA,NA,NA,NA,NA,NA,NA,NA,NA,NA,NA,NA,NA,NA,NA,NA,NA,NA,NA,NA,NA,NA,NA,NA,NA,NA,NA,NA,NA,NA,NA,NA,NA,NA,NA,NA,NA,NA,NA,NA,NA,NA,NA,NA,NA,NA,NA,NA,NA,NA,NA,NA,NA,NA,NA,NA,NA,NA,NA,NA,NA,NA,NA,NA,NA,NA,NA,NA,NA,NA,NA,NA,NA,NA,NA,NA,NA,NA,NA,NA,NA,NA,NA,NA,NA,NA,NA,NA,NA,NA,NA,NA,NA,NA,NA,NA,NA,NA,NA,NA,NA,NA,NA,NA,NA,NA,NA,NA,NA
1906,0.545,1.499,0.778,0.595,0.673,0.495,1.044,1.567,0.632,0.928,0.632,0.54,0.732,1.262,1.076,NA,NA,NA,NA,NA,NA,NA,NA,NA,NA,NA,NA,NA,NA,NA,NA,NA,NA,NA,NA,NA,NA,NA,NA,NA,NA,NA,NA,NA,NA,NA,NA,NA,NA,NA,NA,NA,NA,NA,NA,NA,NA,NA,NA,NA,NA,NA,NA,NA,NA,NA,NA,NA,NA,NA,NA,NA,NA,NA,NA,NA,NA,NA,NA,NA,NA,NA,NA,NA,NA,NA,NA,NA,NA,NA,NA,NA,NA,NA,NA,NA,NA,NA,NA,NA,NA,NA,NA,NA,NA,NA,NA,NA,NA,NA,NA,NA,NA,NA,NA,NA,NA,NA,NA,NA,NA,NA,NA,NA,NA,NA,NA
1907,1.382,2.128,1.305,1.052,1.256,1.049,1.337,2.557,1.383,1.394,1.336,1.306,1.203,0.544,2.076,NA,NA,NA,NA,NA,NA,NA,NA,NA,NA,NA,NA,NA,NA,NA,NA,NA,NA,NA,NA,NA,NA,NA,NA,NA,NA,NA,NA,NA,NA,NA,NA,NA,NA,NA,NA,NA,NA,NA,NA,NA,NA,NA,NA,NA,NA,NA,NA,NA,NA,NA,NA,NA,NA,NA,NA,NA,NA,NA,NA,NA,NA,NA,NA,NA,NA,NA,NA,NA,NA,NA,NA,NA,NA,NA,NA,NA,NA,NA,NA,NA,NA,NA,NA,NA,NA,NA,NA,NA,NA,NA,NA,NA,NA,NA,NA,NA,NA,NA,NA,NA,NA,NA,NA,NA,NA,NA,NA,NA,NA,NA,NA
1908,1.071,2.114,1.252,1.08,1.506,1.015,1.28,2.523,1.552,1.554,1.622,1.68,1.365,1.985,2.249,NA,NA,NA,NA,NA,NA,NA,NA,NA,NA,NA,NA,NA,NA,NA,NA,NA,NA,NA,NA,NA,NA,NA,NA,NA,NA,NA,NA,NA,NA,NA,NA,NA,NA,NA,NA,NA,NA,NA,NA,NA,NA,NA,NA,NA,NA,NA,NA,NA,NA,NA,NA,NA,NA,NA,NA,NA,NA,NA,NA,NA,NA,NA,NA,NA,NA,NA,NA,NA,NA,NA,NA,NA,NA,NA,NA,NA,NA,NA,NA,NA,NA,NA,NA,NA,NA,NA,NA,NA,NA,NA,NA,NA,NA,NA,NA,NA,NA,NA,NA,NA,NA,NA,NA,NA,NA,NA,NA,NA,NA,NA,NA
1909,0.912,2.008,1.216,1.362,1.575,1.221,1.387,1.886,1.258,1.65,1.439,1.266,1.311,1.59,2.114,NA,NA,NA,NA,NA,NA,NA,NA,NA,NA,NA,NA,NA,NA,NA,NA,NA,NA,NA,NA,NA,NA,NA,NA,NA,NA,NA,NA,NA,NA,NA,NA,NA,NA,NA,NA,NA,NA,NA,NA,NA,NA,NA,NA,NA,NA,NA,NA,NA,NA,NA,NA,NA,NA,NA,NA,NA,NA,NA,NA,NA,NA,NA,NA,NA,NA,NA,NA,NA,NA,NA,NA,NA,NA,NA,NA,NA,NA,NA,NA,NA,NA,NA,NA,NA,NA,NA,NA,NA,NA,NA,NA,NA,NA,NA,NA,NA,NA,NA,NA,NA,NA,NA,NA,NA,NA,NA,NA,NA,NA,NA,NA
1910,1.153,2.01,0.957,1.451,1.73,1.283,1.261,1.814,1.136,1.289,1.216,1.069,1.167,1.71,2.092,1.143,NA,NA,NA,NA,NA,NA,NA,NA,NA,NA,NA,NA,NA,NA,NA,NA,NA,NA,NA,NA,NA,NA,NA,NA,NA,NA,NA,NA,NA,NA,NA,NA,NA,NA,NA,NA,NA,NA,NA,NA,NA,NA,NA,NA,NA,NA,NA,NA,NA,NA,NA,NA,NA,NA,NA,NA,NA,NA,NA,NA,NA,NA,NA,NA,NA,NA,NA,NA,NA,NA,NA,NA,NA,NA,NA,NA,NA,NA,NA,NA,NA,NA,NA,NA,NA,NA,NA,NA,NA,NA,NA,NA,NA,NA,NA,NA,NA,NA,NA,NA,NA,NA,NA,NA,NA,NA,NA,NA,NA,NA,NA
1911,0.776,1.283,0.62,1.14,0.998,0.945,0.892,1.317,0.807,0.985,0.974,0.677,0.904,1.423,1.65,1.095,NA,NA,NA,NA,NA,NA,NA,NA,NA,NA,NA,NA,NA,NA,NA,NA,NA,NA,NA,NA,NA,NA,NA,NA,NA,NA,NA,NA,NA,NA,NA,NA,NA,NA,NA,NA,NA,NA,NA,NA,NA,NA,NA,NA,NA,NA,NA,NA,NA,NA,NA,NA,NA,NA,NA,NA,NA,NA,NA,NA,NA,NA,NA,NA,NA,NA,NA,NA,NA,NA,NA,NA,NA,NA,NA,NA,NA,NA,NA,NA,NA,NA,NA,NA,NA,NA,NA,NA,NA,NA,NA,NA,NA,NA,NA,NA,NA,NA,NA,NA,NA,NA,NA,NA,NA,NA,NA,NA,NA,NA,NA
1912,1.003,1.526,0.705,1.4,1.488,1.315,0.739,1.268,0.973,1.066,0.989,0.824,1.12,1.313,1.494,1.159,NA,NA,NA,NA,NA,NA,NA,NA,NA,NA,NA,NA,NA,NA,NA,NA,NA,NA,NA,NA,NA,NA,NA,NA,NA,NA,NA,NA,NA,NA,NA,NA,NA,NA,NA,NA,NA,NA,NA,NA,NA,NA,NA,NA,NA,NA,NA,NA,NA,NA,NA,NA,NA,NA,NA,NA,NA,NA,NA,NA,NA,NA,NA,NA,NA,NA,NA,NA,NA,NA,NA,NA,NA,NA,NA,NA,NA,NA,NA,NA,NA,NA,NA,NA,NA,NA,NA,NA,NA,NA,NA,NA,NA,NA,NA,NA,NA,NA,NA,NA,NA,NA,NA,NA,NA,NA,NA,NA,NA,NA,NA
1913,1.242,1.853,0.998,1.687,1.669,1.732,1.062,1.579,1.239,1.51,1.446,1.125,1.481,1.818,1.897,1.449,NA,NA,NA,NA,NA,NA,NA,NA,NA,NA,NA,NA,NA,NA,NA,NA,NA,NA,NA,NA,NA,NA,NA,NA,NA,NA,NA,NA,NA,NA,NA,NA,NA,NA,NA,NA,NA,NA,NA,NA,NA,NA,NA,NA,NA,NA,NA,NA,NA,NA,NA,NA,NA,NA,NA,NA,NA,NA,NA,NA,NA,NA,NA,NA,NA,NA,NA,NA,NA,NA,NA,NA,NA,NA,NA,NA,NA,NA,NA,NA,NA,NA,NA,NA,NA,NA,NA,NA,NA,NA,NA,NA,NA,NA,NA,NA,NA,NA,NA,NA,NA,NA,NA,NA,NA,NA,NA,NA,NA,NA,NA
1914,1.073,1.773,0.601,1.413,1.356,1.243,0.609,1.452,0.915,1.158,1.02,0.669,1.107,1.445,1.955,0.918,NA,NA,NA,NA,NA,NA,NA,NA,NA,NA,NA,NA,NA,NA,NA,NA,NA,NA,NA,NA,NA,NA,NA,NA,NA,NA,NA,NA,NA,NA,NA,NA,NA,NA,NA,NA,NA,NA,NA,NA,NA,NA,NA,NA,NA,NA,NA,NA,NA,NA,NA,NA,NA,NA,NA,NA,NA,NA,NA,NA,NA,NA,NA,NA,NA,NA,NA,NA,NA,NA,NA,NA,NA,NA,NA,NA,NA,NA,NA,NA,NA,NA,NA,NA,NA,NA,NA,NA,NA,NA,NA,NA,NA,NA,NA,NA,NA,NA,NA,NA,NA,NA,NA,NA,NA,NA,NA,NA,NA,NA,NA
1915,1.448,2.271,1.036,1.788,1.797,1.528,0.784,2.265,1.397,1.601,1.569,1.133,1.502,1.491,1.837,1.589,NA,NA,NA,NA,NA,NA,NA,NA,NA,NA,NA,NA,NA,NA,NA,NA,NA,NA,NA,NA,NA,NA,NA,NA,NA,NA,NA,NA,NA,NA,NA,NA,NA,NA,NA,NA,NA,NA,NA,NA,NA,NA,NA,NA,NA,NA,NA,NA,NA,NA,NA,NA,NA,NA,NA,NA,NA,NA,NA,NA,NA,NA,NA,NA,NA,NA,NA,NA,NA,NA,NA,NA,NA,NA,NA,NA,NA,NA,NA,NA,NA,NA,NA,NA,NA,NA,NA,NA,NA,NA,NA,NA,NA,NA,NA,NA,NA,NA,NA,NA,NA,NA,NA,NA,NA,NA,NA,NA,NA,NA,NA
1916,0.727,1.634,0.753,0.942,1.216,0.616,0.574,1.431,0.754,1.154,0.937,0.467,0.896,0.692,0.83,1.215,NA,NA,NA,NA,NA,NA,NA,NA,NA,NA,NA,NA,NA,NA,NA,NA,NA,NA,NA,NA,NA,NA,NA,NA,NA,NA,NA,NA,NA,NA,NA,NA,NA,NA,NA,NA,NA,NA,NA,NA,NA,NA,NA,NA,NA,NA,NA,NA,NA,NA,NA,NA,NA,NA,NA,NA,NA,NA,NA,NA,NA,NA,NA,NA,NA,NA,NA,NA,NA,NA,NA,NA,NA,NA,NA,NA,NA,NA,NA,NA,NA,NA,NA,NA,NA,NA,NA,NA,NA,NA,NA,NA,NA,NA,NA,NA,NA,NA,NA,NA,NA,NA,NA,NA,NA,NA,NA,NA,NA,NA,NA
1917,0.916,1.8,0.48,1.295,0.958,1.051,0.373,1.548,0.93,1.267,1.003,0.764,1.065,0.934,1.024,1.039,NA,NA,NA,NA,NA,NA,NA,NA,NA,NA,NA,NA,NA,NA,NA,NA,NA,NA,NA,NA,NA,NA,NA,NA,NA,NA,NA,NA,NA,NA,NA,NA,NA,NA,NA,NA,NA,NA,NA,NA,NA,NA,NA,NA,NA,NA,NA,NA,NA,NA,NA,NA,NA,NA,NA,NA,NA,NA,NA,NA,NA,NA,NA,NA,NA,NA,NA,NA,NA,NA,NA,NA,NA,NA,NA,NA,NA,NA,NA,NA,NA,NA,NA,NA,NA,NA,NA,NA,NA,NA,NA,NA,NA,NA,NA,NA,NA,NA,NA,NA,NA,NA,NA,NA,NA,NA,NA,NA,NA,NA,NA
1918,0.416,0.854,0.375,0.534,0.604,0.4,0.488,0.816,0.356,0.526,0.645,0.321,0.922,0.617,0.641,0.872,NA,NA,NA,NA,NA,NA,NA,NA,NA,NA,NA,NA,NA,NA,NA,NA,NA,NA,NA,NA,NA,NA,NA,NA,NA,NA,NA,NA,NA,NA,NA,NA,NA,NA,NA,NA,NA,NA,NA,NA,NA,NA,NA,NA,NA,NA,NA,NA,NA,NA,NA,NA,NA,NA,NA,NA,NA,NA,NA,NA,NA,NA,NA,NA,NA,NA,NA,NA,NA,NA,NA,NA,NA,NA,NA,NA,NA,NA,NA,NA,NA,NA,NA,NA,NA,NA,NA,NA,NA,NA,NA,NA,NA,NA,NA,NA,NA,NA,NA,NA,NA,NA,NA,NA,NA,NA,NA,NA,NA,NA,NA
1919,0.095,0.14,0.136,0.088,0.121,0.091,0.116,0.062,0.21,0.112,0.102,0.123,0.146,0.106,0.108,0.19,NA,NA,NA,NA,NA,NA,NA,NA,NA,NA,NA,NA,NA,NA,NA,NA,NA,NA,NA,NA,NA,NA,NA,NA,NA,NA,NA,NA,NA,NA,NA,NA,NA,NA,NA,NA,NA,NA,NA,NA,NA,NA,NA,NA,NA,NA,NA,NA,NA,NA,NA,NA,NA,NA,NA,NA,NA,NA,NA,NA,NA,NA,NA,NA,NA,NA,NA,NA,NA,NA,NA,NA,NA,NA,NA,NA,NA,NA,NA,NA,NA,NA,NA,NA,NA,NA,NA,NA,NA,NA,NA,NA,NA,NA,NA,NA,NA,NA,NA,NA,NA,NA,NA,NA,NA,NA,NA,NA,NA,NA,NA
1920,0.313,0.434,0.814,0.687,0.344,0.629,0.679,0.436,0.663,0.325,0.303,0.55,0.551,0.408,0.414,0.614,NA,NA,NA,NA,NA,NA,NA,NA,NA,NA,NA,NA,NA,NA,NA,NA,NA,NA,NA,NA,NA,NA,NA,NA,NA,NA,NA,NA,NA,NA,NA,NA,NA,NA,NA,NA,NA,NA,NA,NA,NA,NA,NA,NA,NA,NA,NA,NA,NA,NA,NA,NA,NA,NA,NA,NA,NA,NA,NA,NA,NA,NA,NA,NA,NA,NA,NA,NA,NA,NA,NA,NA,NA,NA,NA,NA,NA,NA,NA,NA,NA,NA,NA,NA,NA,NA,NA,NA,NA,NA,NA,NA,NA,NA,NA,NA,NA,NA,NA,NA,NA,NA,NA,NA,NA,NA,NA,NA,NA,NA,NA
1921,0.836,1.286,1.184,1.504,0.889,1.386,1.357,1.381,1.271,1.16,1.031,0.676,1.016,0.858,1.03,1.131,NA,NA,NA,NA,NA,NA,NA,NA,NA,NA,NA,NA,NA,NA,NA,NA,NA,NA,NA,NA,NA,NA,NA,NA,NA,NA,NA,NA,NA,NA,NA,NA,NA,NA,NA,NA,NA,NA,NA,NA,NA,NA,NA,NA,NA,NA,NA,NA,NA,NA,NA,NA,NA,NA,NA,NA,NA,NA,NA,NA,NA,NA,NA,NA,NA,NA,NA,NA,NA,NA,NA,NA,NA,NA,NA,NA,NA,NA,NA,NA,NA,NA,NA,NA,NA,NA,NA,NA,NA,NA,NA,NA,NA,NA,NA,NA,NA,NA,NA,NA,NA,NA,NA,NA,NA,NA,NA,NA,NA,NA,NA
1922,0.705,1.595,1.592,1.618,1.274,1.314,1.22,1.701,1.045,1.165,1.287,0.64,1.428,0.983,1.005,1.388,NA,NA,NA,NA,NA,NA,NA,NA,NA,NA,NA,NA,NA,NA,NA,NA,NA,NA,NA,NA,NA,NA,NA,NA,NA,NA,NA,NA,NA,NA,NA,NA,NA,NA,NA,NA,NA,NA,NA,NA,NA,NA,NA,NA,NA,NA,NA,NA,NA,NA,NA,NA,NA,NA,NA,NA,NA,NA,NA,NA,NA,NA,NA,NA,NA,NA,NA,NA,NA,NA,NA,NA,NA,NA,NA,NA,NA,NA,NA,NA,NA,NA,NA,NA,NA,NA,NA,NA,NA,NA,NA,NA,NA,NA,NA,NA,NA,NA,NA,NA,NA,NA,NA,NA,NA,NA,NA,NA,NA,NA,NA
1923,1.167,1.511,1.388,1.731,1.036,1.001,1.339,1.683,0.266,0.928,1.114,0.301,1.163,1.222,1.388,1.243,NA,NA,NA,NA,NA,NA,NA,NA,NA,NA,NA,NA,NA,NA,NA,NA,NA,NA,NA,NA,NA,NA,NA,NA,NA,NA,NA,NA,NA,NA,NA,NA,NA,NA,NA,NA,NA,NA,NA,NA,NA,NA,NA,NA,NA,NA,NA,NA,NA,NA,NA,NA,NA,NA,NA,NA,NA,NA,NA,NA,NA,NA,NA,NA,NA,NA,NA,NA,NA,NA,NA,NA,NA,NA,NA,NA,NA,NA,NA,NA,NA,NA,NA,NA,NA,NA,NA,NA,NA,NA,NA,NA,NA,NA,NA,NA,NA,NA,NA,NA,NA,NA,NA,NA,NA,NA,NA,NA,NA,NA,NA
1924,0.702,1.102,0.663,1.165,1.154,0.805,0.756,1.301,0.472,0.791,1.024,0.405,0.917,0.949,1.077,0.867,NA,NA,NA,NA,NA,NA,NA,NA,NA,NA,NA,NA,NA,NA,NA,NA,NA,NA,NA,NA,NA,NA,NA,NA,NA,NA,NA,NA,NA,NA,NA,NA,NA,NA,NA,NA,NA,NA,NA,NA,NA,NA,NA,NA,NA,NA,NA,NA,NA,NA,NA,NA,NA,NA,NA,NA,NA,NA,NA,NA,NA,NA,NA,NA,NA,NA,NA,NA,NA,NA,NA,NA,NA,NA,NA,NA,NA,NA,NA,NA,NA,NA,NA,NA,NA,NA,NA,NA,NA,NA,NA,NA,NA,NA,NA,NA,NA,NA,NA,NA,NA,NA,NA,NA,NA,NA,NA,NA,NA,NA,NA
1925,0.805,0.859,0.91,1.405,1.064,0.948,0.792,1.031,0.589,0.868,0.797,0.479,1.159,1.175,1.314,0.75,NA,NA,NA,NA,NA,NA,NA,NA,NA,NA,NA,NA,NA,NA,NA,NA,NA,NA,NA,NA,NA,NA,NA,NA,NA,NA,NA,NA,NA,NA,NA,NA,NA,NA,NA,NA,NA,NA,NA,NA,NA,NA,NA,NA,NA,NA,NA,NA,NA,NA,NA,NA,NA,NA,NA,NA,NA,NA,NA,NA,NA,NA,NA,NA,NA,NA,NA,NA,NA,NA,NA,NA,NA,NA,NA,NA,NA,NA,NA,NA,NA,NA,NA,NA,NA,NA,NA,NA,NA,NA,NA,NA,NA,NA,NA,NA,NA,NA,NA,NA,NA,NA,NA,NA,NA,NA,NA,NA,NA,NA,NA
1926,0.816,0.559,0.758,1.234,1.219,0.859,0.701,0.832,0.384,1.195,1.122,0.214,1.079,1.287,1.192,0.958,NA,NA,NA,NA,NA,NA,NA,NA,NA,NA,NA,NA,NA,NA,NA,NA,NA,NA,NA,NA,NA,NA,NA,NA,NA,NA,NA,NA,NA,NA,NA,NA,NA,NA,NA,NA,NA,NA,NA,NA,NA,NA,NA,NA,NA,NA,NA,NA,NA,NA,NA,NA,NA,NA,NA,NA,NA,NA,NA,NA,NA,NA,NA,NA,NA,NA,NA,NA,NA,NA,NA,NA,NA,NA,NA,NA,NA,NA,NA,NA,NA,NA,NA,NA,NA,NA,NA,NA,NA,NA,NA,NA,NA,NA,NA,NA,NA,NA,NA,NA,NA,NA,NA,NA,NA,NA,NA,NA,NA,NA,NA
1927,0.413,0.891,0.45,1.326,0.615,0.821,0.444,0.744,0.302,0.813,0.776,0.237,0.665,0.764,0.964,0.548,NA,NA,NA,NA,NA,NA,NA,NA,NA,NA,NA,NA,NA,NA,NA,NA,NA,NA,NA,NA,NA,NA,NA,NA,NA,NA,NA,NA,NA,NA,NA,NA,NA,NA,NA,NA,NA,NA,NA,NA,NA,NA,NA,NA,NA,NA,NA,NA,NA,NA,NA,NA,NA,NA,NA,NA,NA,NA,NA,NA,NA,NA,NA,NA,NA,NA,NA,NA,NA,NA,NA,NA,NA,NA,NA,NA,NA,NA,NA,NA,NA,NA,NA,NA,NA,NA,NA,NA,NA,NA,NA,NA,NA,NA,NA,NA,NA,NA,NA,NA,NA,NA,NA,NA,NA,NA,NA,NA,NA,NA,NA
1928,0.474,0.472,0.475,1.221,0.533,0.648,0.28,0.678,0.364,0.695,0.53,0.323,0.701,0.645,0.602,0.552,NA,NA,NA,NA,NA,NA,NA,NA,NA,NA,NA,NA,NA,NA,NA,NA,NA,NA,NA,NA,NA,NA,NA,NA,NA,NA,NA,NA,NA,NA,NA,NA,NA,NA,NA,NA,NA,NA,NA,NA,NA,NA,NA,NA,NA,NA,NA,NA,NA,NA,NA,NA,NA,NA,NA,NA,NA,NA,NA,NA,NA,NA,NA,NA,NA,NA,NA,NA,NA,NA,NA,NA,NA,NA,NA,NA,NA,NA,NA,NA,NA,NA,NA,NA,NA,NA,NA,NA,NA,NA,NA,NA,NA,NA,NA,NA,NA,NA,NA,NA,NA,NA,NA,NA,NA,NA,NA,NA,NA,NA,NA
1929,0.442,0.638,0.589,1.65,0.649,1.162,0.364,1.031,0.128,0.875,0.661,0.187,0.824,0.727,0.78,0.614,NA,NA,NA,NA,NA,NA,NA,NA,NA,NA,NA,NA,NA,NA,NA,NA,NA,NA,NA,NA,NA,NA,NA,NA,NA,NA,NA,NA,NA,NA,NA,NA,NA,NA,NA,NA,NA,NA,NA,NA,NA,NA,NA,NA,NA,NA,NA,NA,NA,NA,NA,NA,NA,NA,NA,NA,NA,NA,NA,NA,NA,NA,NA,NA,NA,NA,NA,NA,NA,NA,NA,NA,NA,NA,NA,NA,NA,NA,NA,NA,NA,NA,NA,NA,NA,NA,NA,NA,NA,NA,NA,NA,NA,NA,NA,NA,NA,NA,NA,NA,NA,NA,NA,NA,NA,NA,NA,NA,NA,NA,NA
1930,0.725,0.851,0.942,1.791,0.563,1.757,0.854,0.907,0.318,1.069,0.602,0.261,0.792,1.129,1.253,1.024,NA,NA,NA,NA,NA,NA,NA,NA,NA,NA,NA,NA,NA,NA,NA,NA,NA,NA,NA,NA,NA,NA,NA,NA,NA,NA,NA,NA,NA,NA,NA,NA,NA,NA,NA,NA,NA,NA,NA,NA,NA,NA,NA,NA,NA,NA,NA,NA,NA,NA,NA,NA,NA,NA,NA,NA,NA,NA,NA,NA,NA,NA,NA,NA,NA,NA,NA,NA,NA,NA,NA,NA,NA,NA,NA,NA,NA,NA,NA,NA,NA,NA,NA,NA,NA,NA,NA,NA,NA,NA,NA,NA,NA,NA,NA,NA,NA,NA,NA,NA,NA,NA,NA,NA,NA,NA,NA,NA,NA,NA,NA
1931,0.37,0.706,0.787,1.862,0.386,1.242,0.783,0.489,0.435,0.923,0.522,0.328,0.892,0.759,0.879,1.057,NA,NA,NA,NA,NA,NA,NA,NA,NA,NA,NA,NA,NA,NA,NA,NA,NA,NA,NA,NA,NA,NA,NA,NA,NA,NA,NA,NA,NA,NA,NA,NA,NA,NA,NA,NA,NA,NA,NA,NA,NA,NA,NA,NA,NA,NA,NA,NA,NA,NA,NA,NA,NA,NA,NA,NA,NA,NA,NA,NA,NA,NA,NA,NA,NA,NA,NA,NA,NA,NA,NA,NA,NA,NA,NA,NA,NA,NA,NA,NA,NA,NA,NA,NA,NA,NA,NA,NA,NA,NA,NA,NA,NA,NA,NA,NA,NA,NA,NA,NA,NA,NA,NA,NA,NA,NA,NA,NA,NA,NA,NA
1932,0.961,0.75,0.876,2.243,0.59,1.646,0.648,1.122,0.591,1.01,0.592,0.338,1.172,1.49,1.634,1.37,NA,NA,NA,NA,NA,NA,NA,NA,NA,NA,NA,NA,NA,NA,NA,NA,NA,NA,NA,NA,NA,NA,NA,NA,NA,NA,NA,NA,NA,NA,NA,NA,NA,NA,NA,NA,NA,NA,NA,NA,NA,NA,NA,NA,NA,NA,NA,NA,NA,NA,NA,NA,NA,NA,NA,NA,NA,NA,NA,NA,NA,NA,NA,NA,NA,NA,NA,NA,NA,NA,NA,NA,NA,NA,NA,NA,NA,NA,NA,NA,NA,NA,NA,NA,NA,NA,NA,NA,NA,NA,NA,NA,NA,NA,NA,NA,NA,NA,NA,NA,NA,NA,NA,NA,NA,NA,NA,NA,NA,NA,NA
1933,0.577,0.676,0.653,1.342,0.469,0.826,0.649,0.937,0.529,0.763,0.532,0.349,0.751,1.008,1.023,0.791,NA,NA,NA,NA,NA,NA,NA,NA,NA,NA,NA,NA,NA,NA,NA,NA,NA,NA,NA,NA,NA,NA,NA,NA,NA,NA,NA,NA,NA,NA,NA,NA,NA,NA,NA,NA,NA,NA,NA,NA,NA,NA,NA,NA,NA,NA,NA,NA,NA,NA,NA,NA,NA,NA,NA,NA,NA,NA,NA,NA,NA,NA,NA,NA,NA,NA,NA,NA,NA,NA,NA,NA,NA,NA,NA,NA,NA,NA,NA,NA,NA,NA,NA,NA,NA,NA,NA,NA,NA,NA,NA,NA,NA,NA,NA,NA,NA,NA,NA,NA,NA,NA,NA,NA,NA,NA,NA,NA,NA,NA,NA
1934,0.601,0.571,0.567,1.531,0.388,1.005,0.635,0.789,0.308,0.403,0.485,0.408,0.737,1.093,1.069,0.72,NA,NA,NA,NA,NA,NA,NA,NA,NA,NA,NA,NA,NA,NA,NA,NA,NA,NA,NA,NA,NA,NA,NA,NA,NA,NA,NA,NA,NA,NA,NA,NA,NA,NA,NA,NA,NA,NA,NA,NA,NA,NA,NA,NA,NA,NA,NA,NA,NA,NA,NA,NA,NA,NA,NA,NA,NA,NA,NA,NA,NA,NA,NA,NA,NA,NA,NA,NA,NA,NA,NA,NA,NA,NA,NA,NA,NA,NA,NA,NA,NA,NA,NA,NA,NA,NA,NA,NA,NA,NA,NA,NA,NA,NA,NA,NA,NA,NA,NA,NA,NA,NA,NA,NA,NA,NA,NA,NA,NA,NA,NA
1935,0.753,0.842,0.612,2.265,0.632,1.388,0.612,1.212,0.378,1.214,0.721,0.304,1.267,1.712,1.675,1.081,NA,NA,NA,NA,NA,NA,NA,NA,NA,NA,NA,NA,NA,NA,NA,NA,NA,NA,NA,NA,NA,NA,NA,NA,NA,NA,NA,NA,NA,NA,NA,NA,NA,NA,NA,NA,NA,NA,NA,NA,NA,NA,NA,NA,NA,NA,NA,NA,NA,NA,NA,NA,NA,NA,NA,NA,NA,NA,NA,NA,NA,NA,NA,NA,NA,NA,NA,NA,NA,NA,NA,NA,NA,NA,NA,NA,NA,NA,NA,NA,NA,NA,NA,NA,NA,NA,NA,NA,NA,NA,NA,NA,NA,NA,NA,NA,NA,NA,NA,NA,NA,NA,NA,NA,NA,NA,NA,NA,NA,NA,NA
1936,0.942,0.84,1.1,2.221,0.887,1.506,0.758,1.31,0.371,1.765,1.075,0.381,1.501,1.283,1.68,1.132,NA,NA,NA,NA,NA,NA,NA,NA,NA,NA,NA,NA,NA,NA,NA,NA,NA,NA,NA,NA,NA,NA,NA,NA,NA,NA,NA,NA,NA,NA,NA,NA,NA,NA,NA,NA,NA,NA,NA,NA,NA,NA,NA,NA,NA,NA,NA,NA,NA,NA,NA,NA,NA,NA,NA,NA,NA,NA,NA,NA,NA,NA,NA,NA,NA,NA,NA,NA,NA,NA,NA,NA,NA,NA,NA,NA,NA,NA,NA,NA,NA,NA,NA,NA,NA,NA,NA,NA,NA,NA,NA,NA,NA,NA,NA,NA,NA,NA,NA,NA,NA,NA,NA,NA,NA,NA,NA,NA,NA,NA,NA
1937,0.982,1.351,1.193,2.608,1.294,1.755,0.981,1.297,0.905,1.189,1.233,0.573,1.399,1.957,1.628,1.471,NA,NA,NA,NA,NA,NA,NA,NA,NA,NA,NA,NA,NA,NA,NA,NA,NA,NA,NA,NA,NA,NA,NA,NA,NA,NA,NA,NA,NA,NA,NA,NA,NA,NA,NA,NA,NA,NA,NA,NA,NA,NA,NA,NA,NA,NA,NA,NA,NA,NA,NA,NA,NA,NA,NA,NA,NA,NA,NA,NA,NA,NA,NA,NA,NA,NA,NA,NA,NA,NA,NA,NA,NA,NA,NA,NA,NA,NA,NA,NA,NA,NA,NA,NA,NA,NA,NA,NA,NA,NA,NA,NA,NA,NA,NA,NA,NA,NA,NA,NA,NA,NA,NA,NA,NA,NA,NA,NA,NA,NA,NA
1938,0.913,1.003,0.586,1.901,0.672,1.551,0.656,1.096,0.763,1.1,0.787,0.395,1.172,1.343,1.512,1.003,NA,NA,NA,NA,NA,NA,NA,NA,NA,NA,NA,NA,NA,NA,NA,NA,NA,NA,NA,NA,NA,NA,NA,NA,NA,NA,NA,NA,NA,NA,NA,NA,NA,NA,NA,NA,NA,NA,NA,NA,NA,NA,NA,NA,NA,NA,NA,NA,NA,NA,NA,NA,NA,NA,NA,NA,NA,NA,NA,NA,NA,NA,NA,NA,NA,NA,NA,NA,NA,NA,NA,NA,NA,NA,NA,NA,NA,NA,NA,NA,NA,NA,NA,NA,NA,NA,NA,NA,NA,NA,NA,NA,NA,NA,NA,NA,NA,NA,NA,NA,NA,NA,NA,NA,NA,NA,NA,NA,NA,NA,NA
1939,1.035,0.984,0.848,1.292,0.677,1.36,0.842,0.872,0.844,1.2,0.785,0.438,1.2,1.399,1.444,1.278,NA,NA,NA,NA,NA,NA,NA,NA,NA,NA,NA,NA,NA,NA,NA,NA,NA,NA,NA,NA,NA,NA,NA,NA,NA,NA,NA,NA,NA,NA,NA,NA,NA,NA,NA,NA,NA,NA,NA,NA,NA,NA,NA,NA,NA,NA,NA,NA,NA,NA,NA,NA,NA,NA,NA,NA,NA,NA,NA,NA,NA,NA,NA,NA,NA,NA,NA,NA,NA,NA,NA,NA,NA,NA,NA,NA,NA,NA,NA,NA,NA,NA,NA,NA,NA,NA,NA,NA,NA,NA,NA,NA,NA,NA,NA,NA,NA,NA,NA,NA,NA,NA,NA,NA,NA,NA,NA,NA,NA,NA,NA
1940,1.322,0.36,0.72,1.493,0.669,1.515,0.81,0.44,0.628,1.144,0.671,0.341,1.185,1.298,1.184,0.811,NA,NA,NA,NA,NA,NA,NA,NA,NA,NA,NA,NA,NA,NA,NA,NA,NA,NA,NA,NA,NA,NA,NA,NA,NA,NA,NA,NA,NA,NA,NA,NA,NA,NA,NA,NA,NA,NA,NA,NA,NA,NA,NA,NA,NA,NA,NA,NA,NA,NA,NA,NA,NA,NA,NA,NA,NA,NA,NA,NA,NA,NA,NA,NA,NA,NA,NA,NA,NA,NA,NA,NA,NA,NA,NA,NA,NA,NA,NA,NA,NA,NA,NA,NA,NA,NA,NA,NA,NA,NA,NA,NA,NA,NA,NA,NA,NA,NA,NA,NA,NA,NA,NA,NA,NA,NA,NA,NA,NA,NA,NA
1941,0.9,0.912,0.939,2.493,0.535,2.102,0.981,0.807,0.516,1.835,0.682,0.272,1.569,1.71,1.815,1.156,NA,NA,NA,NA,NA,NA,NA,NA,NA,NA,NA,NA,NA,NA,NA,NA,NA,NA,NA,NA,NA,NA,NA,NA,NA,NA,NA,NA,NA,NA,NA,NA,NA,NA,NA,NA,NA,NA,NA,NA,NA,NA,NA,NA,NA,NA,NA,NA,NA,NA,NA,NA,NA,NA,NA,NA,NA,NA,NA,NA,NA,NA,NA,NA,NA,NA,NA,NA,NA,NA,NA,NA,NA,NA,NA,NA,NA,NA,NA,NA,NA,NA,NA,NA,NA,NA,NA,NA,NA,NA,NA,NA,NA,NA,NA,NA,NA,NA,NA,NA,NA,NA,NA,NA,NA,NA,NA,NA,NA,NA,NA
1942,0.786,0.454,0.527,1.84,0.396,1.657,0.803,0.534,0.373,1.298,0.517,0.466,1.387,1.247,1.22,1.232,NA,NA,NA,NA,NA,NA,NA,NA,NA,NA,NA,NA,NA,NA,NA,NA,NA,NA,NA,NA,NA,NA,NA,NA,NA,NA,NA,NA,NA,NA,NA,NA,NA,NA,NA,NA,NA,NA,NA,NA,NA,NA,NA,NA,NA,NA,NA,NA,NA,NA,NA,NA,NA,NA,NA,NA,NA,NA,NA,NA,NA,NA,NA,NA,NA,NA,NA,NA,NA,NA,NA,NA,NA,NA,NA,NA,NA,NA,NA,NA,NA,NA,NA,NA,NA,NA,NA,NA,NA,NA,NA,NA,NA,NA,NA,NA,NA,NA,NA,NA,NA,NA,NA,NA,NA,NA,NA,NA,NA,NA,NA
1943,0.427,0.522,0.494,1.24,0.44,1.405,0.72,0.628,0.342,0.974,0.641,0.372,1.553,0.883,1.034,1.021,NA,NA,NA,NA,NA,NA,NA,NA,NA,NA,NA,NA,NA,NA,NA,NA,NA,NA,NA,NA,NA,NA,NA,NA,NA,NA,NA,NA,NA,NA,NA,NA,NA,NA,NA,NA,NA,NA,NA,NA,NA,NA,NA,NA,NA,NA,NA,NA,NA,NA,NA,NA,NA,NA,NA,NA,NA,NA,NA,NA,NA,NA,NA,NA,NA,NA,NA,NA,NA,NA,NA,NA,NA,NA,NA,NA,NA,NA,NA,NA,NA,NA,NA,NA,NA,NA,NA,NA,NA,NA,NA,NA,NA,NA,NA,NA,NA,NA,NA,NA,NA,NA,NA,NA,NA,NA,NA,NA,NA,NA,NA
1944,0.478,0.268,0.437,1.074,0.276,1.182,0.701,0.865,0.247,0.427,0.464,0.27,1.256,0.782,0.856,1.004,NA,NA,NA,NA,NA,NA,NA,NA,NA,NA,NA,NA,NA,NA,NA,NA,NA,NA,NA,NA,NA,NA,NA,NA,NA,NA,NA,NA,NA,NA,NA,NA,NA,NA,NA,NA,NA,NA,NA,NA,NA,NA,NA,NA,NA,NA,NA,NA,NA,NA,NA,NA,NA,NA,NA,NA,NA,NA,NA,NA,NA,NA,NA,NA,NA,NA,NA,NA,NA,NA,NA,NA,NA,NA,NA,NA,NA,NA,NA,NA,NA,NA,NA,NA,NA,NA,NA,NA,NA,NA,NA,NA,NA,NA,NA,NA,NA,NA,NA,NA,NA,NA,NA,NA,NA,NA,NA,NA,NA,NA,NA
1945,0.23,0.108,0.457,0.788,0.232,0.89,0.498,0.684,0.149,0.385,0.316,0.073,0.896,0.324,0.356,0.563,NA,NA,NA,NA,NA,NA,NA,NA,NA,NA,NA,NA,NA,NA,NA,NA,NA,NA,NA,NA,NA,NA,NA,NA,NA,NA,NA,NA,NA,NA,NA,NA,NA,NA,NA,NA,NA,NA,NA,NA,NA,NA,1.526,NA,NA,NA,NA,NA,NA,NA,NA,NA,NA,NA,NA,NA,NA,NA,NA,NA,NA,NA,NA,NA,NA,NA,NA,NA,NA,NA,NA,NA,NA,NA,NA,NA,NA,NA,NA,NA,NA,NA,NA,NA,NA,NA,NA,NA,NA,NA,NA,NA,NA,NA,NA,NA,NA,NA,NA,NA,NA,NA,NA,NA,NA,NA,NA,NA,NA,NA,NA
1946,0.477,0.211,0.359,0.373,0.299,0.195,0.764,0.801,0.182,1.044,0.341,0.131,1.246,1.25,1.226,0.774,NA,NA,NA,NA,NA,NA,NA,NA,NA,NA,NA,NA,NA,NA,NA,NA,NA,NA,NA,NA,NA,NA,NA,NA,NA,NA,NA,NA,NA,NA,NA,NA,NA,NA,NA,NA,NA,NA,NA,NA,NA,NA,1.53,NA,NA,NA,NA,NA,NA,NA,NA,NA,NA,NA,NA,NA,NA,NA,NA,NA,NA,NA,NA,NA,NA,NA,NA,NA,NA,NA,NA,NA,NA,NA,NA,NA,NA,NA,NA,NA,NA,NA,NA,NA,NA,NA,NA,NA,NA,NA,NA,NA,NA,NA,NA,NA,NA,NA,NA,NA,NA,NA,NA,NA,NA,NA,NA,NA,NA,NA,NA
1947,0.427,0.487,0.396,0.596,0.192,0.566,0.45,0.6,0.048,1.046,0.149,0.189,0.704,1.589,1.34,0.809,NA,NA,NA,NA,NA,NA,NA,NA,NA,NA,NA,NA,NA,NA,NA,NA,NA,NA,NA,NA,NA,NA,NA,NA,NA,NA,NA,NA,NA,NA,NA,NA,NA,NA,NA,NA,NA,NA,NA,NA,NA,NA,1.738,0.766,NA,NA,NA,NA,NA,NA,NA,NA,NA,NA,NA,NA,NA,NA,NA,NA,NA,NA,NA,NA,NA,NA,NA,NA,NA,NA,NA,NA,NA,NA,NA,NA,NA,NA,NA,NA,NA,NA,NA,NA,NA,NA,NA,NA,NA,NA,NA,NA,NA,NA,NA,NA,NA,NA,NA,NA,NA,NA,NA,NA,NA,NA,NA,NA,NA,NA,NA
1948,0.189,0.467,0.195,0.243,0.239,0.201,0.392,0.509,0.168,1.497,0.226,0.554,1.154,1.65,1.693,1.443,1.933,1.571,0.998,NA,NA,NA,NA,NA,NA,NA,NA,NA,NA,NA,NA,NA,NA,NA,NA,NA,NA,NA,NA,NA,NA,NA,NA,NA,NA,NA,NA,NA,NA,NA,NA,NA,NA,NA,NA,NA,NA,NA,0.983,1.589,1.135,0.801,0.654,2.368,NA,NA,NA,NA,NA,NA,NA,NA,NA,NA,NA,NA,NA,NA,NA,NA,NA,NA,NA,NA,NA,NA,NA,NA,NA,NA,NA,NA,NA,NA,NA,NA,NA,NA,NA,NA,NA,NA,NA,NA,NA,NA,NA,NA,NA,NA,NA,NA,NA,NA,NA,NA,NA,NA,NA,NA,NA,NA,NA,NA,NA,NA,NA
1949,0.341,0.814,0.915,1.028,0.519,0.966,1.093,1.096,1.558,1.288,0.568,0.747,1.68,2.103,1.788,1.505,1.699,2.109,2.08,2.648,1.986,1.363,1.125,1.475,1.825,1.732,NA,NA,NA,NA,NA,NA,NA,NA,NA,NA,NA,NA,NA,NA,NA,NA,NA,NA,NA,NA,NA,NA,NA,NA,NA,NA,NA,NA,NA,NA,NA,NA,2.128,0.832,0.925,0.605,0.549,1.244,0.844,1.102,1.106,1.65,1.183,1.252,NA,NA,NA,NA,NA,NA,NA,NA,NA,NA,NA,NA,NA,NA,NA,NA,NA,NA,NA,NA,NA,NA,NA,NA,NA,NA,NA,NA,NA,NA,NA,NA,NA,NA,NA,NA,NA,NA,NA,NA,NA,NA,NA,NA,NA,NA,NA,NA,NA,NA,NA,NA,NA,NA,NA,NA,NA
1950,0.352,0.735,1.14,1.579,0.667,1.377,1.426,1.071,2.216,1.705,0.836,0.797,2.238,3.151,2.719,1.468,1.21,1.74,2.228,2.255,1.798,1.848,1.009,1.224,2.234,1.591,1.451,2.427,1.714,2.144,2.282,NA,NA,NA,NA,NA,NA,NA,NA,NA,NA,NA,NA,NA,NA,NA,NA,NA,NA,NA,NA,NA,NA,NA,NA,NA,NA,NA,1.08,0.938,1.351,0.553,0.424,0.985,1.052,1.152,1.054,2.426,1.502,1.739,1.034,0.46,0.391,2.639,2.983,0.695,0.581,1.231,1.477,1.3,NA,NA,NA,NA,NA,NA,NA,NA,NA,NA,NA,NA,NA,NA,NA,NA,NA,NA,NA,NA,NA,NA,NA,NA,NA,NA,NA,NA,NA,NA,NA,NA,NA,NA,NA,NA,NA,NA,NA,NA,NA,NA,NA,NA,NA,NA,NA
1951,0.683,1.048,1.386,2.133,1.004,1.401,1.848,1.415,2.721,2.08,1.504,2.529,2.662,2.775,2.63,2.106,1.317,1.405,1.954,2.953,1.804,1.901,1.079,1.759,1.446,1.836,1.766,0.071,0.573,1.739,1.813,3.014,0.301,1.484,1.841,1.588,1.631,1.976,NA,NA,NA,NA,NA,NA,NA,NA,NA,NA,NA,NA,NA,NA,NA,NA,NA,NA,NA,NA,1.238,0.909,1.236,0.633,0.608,1.39,0.672,0.971,0.563,2.196,1.874,0.542,1.178,0.719,0.304,2.169,2.994,0.482,0.511,1.404,1.681,1.561,2.275,2.035,4.04,3.485,1.601,1.526,0.847,0.716,0.741,1.031,1.784,NA,NA,NA,NA,NA,NA,NA,NA,NA,NA,NA,NA,NA,NA,NA,NA,NA,NA,NA,NA,NA,NA,NA,NA,NA,NA,NA,NA,NA,NA,NA,NA,NA,NA,NA,NA
1952,0.647,1.018,0.873,1.949,0.964,1.357,1.24,1.125,1.791,2.162,1.198,0.954,2.461,3.232,3.171,2.327,1.254,0.985,2.086,1.749,1.93,2.081,1.429,2.18,2.157,2.085,1.764,0.39,1.031,2.287,1.73,2.29,0.404,0.855,2.054,1.654,2.565,1.692,2.353,1.526,1.9,1.244,1.07,1.881,1.373,NA,NA,NA,NA,NA,NA,NA,NA,NA,NA,NA,NA,NA,1.893,2.205,2.298,0.374,0.431,1.194,0.433,1.552,1.018,2.531,2.918,1.538,0.632,0.666,0.463,2.465,3.077,0.701,0.694,1.97,1.716,1.474,1.512,2.633,2.482,2.208,1.11,0.814,1.775,0.817,0.887,0.811,2.212,0.404,0.792,0.768,1.83,1.428,1.578,NA,NA,NA,NA,NA,NA,NA,NA,NA,NA,NA,NA,NA,NA,NA,NA,NA,NA,NA,NA,NA,NA,NA,NA,NA,NA,NA,NA,NA,NA
1953,1.018,0.819,0.854,2.194,1.038,1.191,0.978,1.567,2.12,2.176,1.432,1.506,2.021,3.451,3.254,1.583,1.503,1.906,1.871,2.488,2.042,2.654,1.363,1.901,2.121,2.185,2.012,0.884,1.707,2.383,1.889,2.774,0.467,0.969,2.215,2.071,2.746,2.229,2.078,1.7,1.065,1.372,1.7,2.029,1.666,3.223,0.826,2.186,1.109,NA,NA,NA,NA,NA,NA,NA,NA,NA,1.561,2.085,2.645,0.451,0.65,1.54,0.403,2.436,2.535,2.016,3.275,1.798,1.105,0.54,0.469,2.014,0.675,0.428,0.4,2.288,1.647,1.285,3.01,4.113,3.727,0.412,0.93,0.519,1.621,1.658,1.014,1.608,2.665,0.457,0.516,0.584,1.289,1.992,1.248,2.79,2.619,2.778,3.915,2.711,1.843,0.597,1.292,NA,NA,NA,NA,NA,NA,NA,NA,NA,NA,NA,NA,NA,NA,NA,NA,NA,NA,NA,NA,NA,NA
1954,1.083,1.168,0.708,1.856,1.375,1.259,1.218,1.357,1.373,1.96,1.463,1.134,1.507,2.696,2.672,2.03,1.432,1.33,1.344,2.718,1.725,2.234,1.068,1.702,1.742,2.094,0.882,0.507,1.51,1.94,1.532,2.986,0.725,1.506,1.652,1.875,2.659,2.264,2.083,0.932,0.876,1.267,1.62,1.772,1.563,2.686,1.562,1.523,1.286,1.411,1.031,0.969,2.897,2.354,NA,NA,NA,NA,0.809,2.439,2.168,0.606,0.618,1.533,0.512,1.919,1.546,1.584,0.22,1.473,0.948,0.612,0.658,1.375,1.071,0.516,0.445,2.1,2.074,1.64,0.289,3.746,0.193,0.634,1.099,0.962,1.695,0.711,0.763,1.3,2.644,0.3,0.417,0.533,1.027,1.831,1.023,2.577,2.087,0.31,3.467,3.285,0.846,0.877,1.486,3.264,1.205,1.572,1.758,NA,NA,NA,NA,NA,NA,NA,NA,NA,NA,NA,NA,NA,NA,NA,NA,NA,NA
1955,1.326,1.988,1.065,2.342,1.49,2.044,1.857,2.034,1.906,2.736,1.539,1.757,1.965,3.25,2.866,2.459,1.021,1.212,0.706,2.339,1.392,1.578,1.234,1.419,1.633,1.196,1.037,1.203,1.434,1.537,1.04,2.763,1.045,1.512,1.554,1.502,2.247,1.334,2.007,1.202,1.649,0.988,1.378,1.613,1.324,3.404,1.748,2.631,1.071,2.046,1.397,1.707,3.527,1.977,2.169,1.74,2.491,1.159,1.169,1.875,1.674,1.201,0.459,1.548,1.063,1.857,1.903,1.325,1.94,1.492,1.37,0.794,0.252,1.512,0.866,0.45,0.512,1.28,1.642,1.368,0.568,3.14,0.802,0.55,1.181,1.087,0.988,0.337,0.809,1.034,1.473,0.529,0.253,0.361,1.388,1.71,0.911,2.196,0.376,0.657,2.898,0.215,1.192,0.625,1.202,2.321,0.933,0.831,1.646,1.849,1.735,1.217,NA,NA,NA,NA,NA,NA,NA,NA,NA,NA,NA,NA,NA,NA,NA
1956,1.233,1.62,1.626,1.248,1.889,0.894,1.974,1.808,1.543,2.427,1.617,1.602,2.196,3.335,2.983,2.84,1.437,1.258,1.164,2.223,1.554,1.961,1.584,1.574,2.07,1.967,1.713,1.353,1.507,1.809,1.561,2.692,1.122,1.665,1.854,2.453,2.071,1.729,1.895,1.819,1.341,0.981,1.098,1.739,1.521,3.245,0.904,2.627,2.056,2.264,1.199,1.694,3.183,1.727,2.543,1.98,2.453,1.526,2.122,1.701,1.481,0.818,0.51,2.095,0.782,0.279,0.193,1.726,3.159,1.49,1.492,1.193,0.233,1.266,0.403,0.94,0.784,1.555,1.823,1.505,0.813,2.406,0.685,0.339,1.147,1.157,1.355,1.107,0.712,2.012,1.598,0.462,0.495,0.618,1.569,1.606,0.465,1.702,1.983,0.837,1.993,0.674,2.328,1.471,1.651,2.722,0.804,0.851,1.365,1.839,1.529,1.502,2.299,1.861,1.771,2.632,NA,NA,NA,NA,NA,NA,NA,NA,NA,NA,NA
1957,1.12,1.744,2.01,2.459,2.332,1.686,2.495,2.18,1.215,1.955,2.095,1.162,1.703,3.318,2.849,1.858,1.005,1.132,1.063,2.194,1.403,1.505,1.429,1.297,1.932,1.436,1.39,0.739,1.106,1.058,1.449,2.01,0.709,2.049,1.531,1.634,2.049,1.318,2.127,1.448,1.388,0.969,1.055,1.601,1.233,3.345,1.003,1.572,1.44,1.079,0.845,1.352,2.464,1.984,1.21,1.413,2.098,1.388,1.512,1.383,1.82,0.995,0.826,2.138,0.654,0.481,0.405,1.008,1.961,1.035,1.09,1.278,0.17,1.392,0.501,1.058,0.783,1.884,2.154,2.311,0.63,1.97,0.795,0.389,1.239,0.73,0.662,0.992,0.998,2.135,1.792,0.65,0.621,0.744,1.624,1.363,1.173,1.358,1.891,0.666,1.396,0.637,1.488,1.767,2.233,2.343,1.11,1.129,1.41,1.658,1.716,1.626,2.057,2.207,1.471,2.11,2.127,NA,NA,NA,NA,NA,NA,NA,NA,NA,NA
1958,0.596,1.096,2.164,1.459,1.631,1.707,1.994,1.666,1.379,2.044,1.604,1.392,1.936,2.281,1.945,2.186,1.295,1.264,1.016,1.986,1.654,1.976,1.411,1.625,2.022,0.952,1.208,1.552,1.483,1.457,1.154,1.845,1.323,1.259,1.671,1.515,1.753,1.313,1.711,1.142,1.015,1.113,1.241,1.258,1.308,2.771,0.936,1.39,0.866,1.605,1.46,0.972,2.37,1.597,2.026,1.094,1.761,1.655,0.905,0.928,0.895,0.827,0.424,1.262,0.637,0.591,0.526,1.588,1.701,0.774,0.898,1.073,0.381,1.363,0.146,1.157,0.719,0.282,1,1.229,0.165,2.073,0.4,0.291,1.383,1.02,0.683,0.612,0.514,1.843,0.317,0.291,0.416,0.543,1.374,0.887,0.336,1.558,1.976,0.137,1.527,0.736,0.941,0.346,0.833,2.1,0.9,1.129,0.773,1.208,1.765,1.238,0.849,2.14,0.735,1.505,1.733,0.783,0.623,1.031,NA,NA,NA,NA,NA,NA,NA
1959,1.198,1.397,1.767,1.408,1.553,1.661,1.662,1.496,1.525,2.894,1.571,1.612,1.471,2.54,2.883,1.939,1.324,1.099,0.826,2.312,1.357,1.718,1.444,0.987,1.89,1.212,1.486,1.471,1.357,1.03,1.034,2.593,1.206,1.422,1.234,0.98,1.45,0.96,2.129,1.36,1.096,0.957,1.276,1.035,1.442,2.899,0.619,1.94,0.885,1.816,1.575,0.844,2.731,1.401,1.784,0.832,2.982,1.454,1.24,1.295,1.406,0.494,0.364,1.352,0.606,0.555,0.599,1.489,2.422,0.7,0.896,0.851,0.369,1.625,0.154,1.16,1.115,0.686,1.208,1.07,1.002,1.7,0.783,0.207,1.396,1.538,1.534,1.1,0.843,1.519,0.489,0.172,0.671,1.011,1.625,0.966,1.032,2.071,2.153,1.098,1.998,0.214,1.147,0.784,1.445,2.529,0.913,0.945,1.08,1.335,1.75,1.354,1.665,1.332,1.299,1.62,1.64,1.047,0.857,1.142,2.01,NA,NA,NA,NA,NA,NA
1960,1.532,1.77,1.567,2.049,1.456,1.263,2.047,1.705,1.891,2.212,1.753,1.821,1.759,2.506,2.702,2.088,1.438,1.215,0.87,2.585,1.534,1.672,1.247,1.548,1.998,1.243,1.805,1.813,1.491,1.349,0.843,2.201,1.698,1.159,1.452,1.507,1.56,1.169,2.557,1.668,0.941,0.826,1.099,1.468,1.354,3.48,0.652,1.734,1.133,1.782,0.974,0.978,2.933,1.321,1.776,0.986,3.048,1.532,1.513,1.009,0.74,0.149,0.604,1.705,0.408,0.35,0.4,1.387,2.466,1.643,0.24,0.619,0.314,1.534,0.784,1.503,1.248,0.891,1.427,1.464,1.65,0.902,1.693,0.824,1.739,1.247,1.254,1.604,1.458,2.025,1.013,0.162,0.802,1.053,1.748,1.064,1.286,2.02,2.279,1.481,1.835,0.545,1.118,1.067,1.762,2.663,1.179,1.65,1.124,1.412,1.883,2.043,1.681,2.064,2.078,2.186,2.073,0.247,0.917,1.976,2.271,1.65,2.082,NA,NA,NA,NA
1961,2.174,1.762,1.103,2.54,1.319,1.484,1.644,2.057,2.045,1.734,1.89,2.065,1.66,2.34,2.442,1.986,1.939,2.011,1.377,2.944,2.011,2.073,2.123,1.826,2.52,1.798,1.58,1.905,1.862,1.714,1.505,2.949,1.618,1.303,1.794,1.631,2.323,1.85,2.749,1.887,1.762,1.129,1.252,1.576,2.098,3.846,0.854,2.252,1.124,2.019,1.308,1.213,2.898,1.565,2.162,1.374,2.73,1.925,1.66,1.501,1.623,0.703,0.803,1.784,1.112,1.083,1.045,1.783,3.11,1.761,0.859,0.148,0.957,1.549,1.365,0.933,0.84,2.161,2.133,1.732,2.722,1.498,2.508,1.144,1.579,1.161,0.959,0.693,1.253,2.451,1.578,0.327,0.605,0.703,0.941,1.376,0.636,2.501,3.1,2.765,2.461,1.352,1.606,0.587,1.686,1.464,2.003,2.157,1.236,1.752,2.71,2.004,2.114,2.459,2.093,2.974,2.264,0.588,1.033,2.366,2.687,1.563,5.817,NA,NA,NA,NA
1962,1.842,1.65,1.355,1.299,1.494,0.965,1.201,1.974,2.349,2.077,2.05,2.357,1.658,2.82,2.729,2.513,1.19,1.047,0.738,2.56,1.132,1.25,1.157,0.954,1.246,1.185,1.927,1.727,0.981,1.142,1.121,2.786,1.766,0.978,0.942,0.835,1.22,1.151,3.242,1.783,1.322,0.476,0.707,0.72,1.736,4.065,1.011,1.663,1.376,2.257,0.961,1.088,3.59,0.895,1.831,1.076,3.731,1.079,1.435,1.657,1.416,1.14,0.462,1.166,1.18,1.373,1.538,0.691,1.631,1.347,1.152,0.688,1.686,1.524,0.711,1.174,1.088,2.293,1.59,1.372,2.107,1.256,2.077,0.925,1.051,1.063,1.218,1.087,0.752,1.185,1.974,0.859,0.659,0.649,1.08,0.877,1.135,1.809,2.019,2,0.992,1.937,1.169,1.367,1.28,1.451,1.596,1.611,0.865,2.359,1.474,2.017,1.699,1.01,1.428,1.201,1.321,1.164,1.093,1.322,1.481,0.885,3.661,2.964,NA,NA,NA
1963,1.159,0.963,1.131,1.505,1.122,1.274,0.765,1.768,2.217,1.423,1.655,1.682,1.004,3.179,3.304,1.558,1.607,1.143,1.042,2.804,1.233,1.593,1.214,1.268,1.458,1.1,1.931,1.477,1.667,1.295,1.251,2.687,2.079,1.406,1.327,1.234,1.391,0.914,2.787,1.642,1.178,0.962,0.918,1.5,0.652,3.112,1.08,1.658,1.24,2.291,0.845,1.148,2.875,1.554,2.074,1.124,1.107,1.43,1.273,0.456,0.357,1.177,0.335,0.223,1.187,1.848,1.234,0.251,0.365,0.713,1.084,1.029,1.278,0.828,0.547,1.103,0.769,2.007,1.001,0.833,0.539,0.693,0.669,0.383,1.212,1.924,1.226,1.166,0.99,1.704,1.942,1.382,0.846,1.022,1.247,0.893,1.285,0.458,0.487,0.431,0.362,1.714,1.209,1.654,1.473,0.258,0.353,0.676,0.888,1.411,0.238,1.398,1.316,1.291,0.74,0.614,0.329,2.038,0.937,1.345,0.352,0.575,1.313,0.997,NA,NA,NA
1964,1.244,1.369,1.211,1.192,1.413,1.155,1.16,3.22,2.318,1.751,1.734,2.094,1.873,2.714,2.639,2.063,2.348,1.798,1.646,3.16,2.148,2.148,1.948,1.494,1.956,1.801,2.141,2.304,2.259,2.041,1.934,2.465,2.045,1.891,1.772,2.069,2.087,1.943,3.475,1.782,1.159,1.484,1.719,2.123,2.573,3.122,0.997,2.085,1.157,2.243,0.892,1.503,3.664,2.188,2.114,1.39,2.96,2.36,1.79,0.097,0.168,1.169,0.686,0.829,1.408,0.871,0.82,0.107,0.167,1.748,0.945,1.18,0.673,0.27,0.342,1.451,1.089,1.63,1.908,1.473,0.168,0.34,0.316,0.202,1.674,1.372,1.364,1.187,1.666,2.131,1.059,1.137,0.809,0.977,1.739,1.481,1.487,0.14,0.111,0.167,0.089,0.495,1.9,1.765,2.161,0.14,0.147,0.169,1.452,0.301,0.087,2.086,2.078,2.083,1.468,1.738,1.677,1.358,1.43,2.26,0.118,1.632,0.637,0.35,0.57,NA,NA
1965,0.93,1.373,1.443,0.934,1.596,1.522,1.231,2.437,1.985,2.563,1.838,1.838,1.721,2.359,2.206,1.879,2.045,1.488,1.546,3.509,2.253,1.953,2.165,1.667,2.141,1.603,2.53,2.191,1.866,1.641,1.69,3.73,2.232,1.602,1.831,2.391,2.308,1.837,3.731,2.245,1.511,1.476,1.461,2.313,2.248,3.067,1.479,2.621,1.432,3.032,0.751,1.478,2.975,2.013,2.74,1.211,2.613,2.006,1.435,0.063,0.121,0.649,0.883,1.333,0.334,0.847,0.434,0.095,0.105,1.649,0.351,0.858,0.653,0.086,0.097,0.89,0.65,2.458,1.421,0.867,0.227,0.31,0.08,0.072,0.872,1.007,0.786,0.704,1.404,2.308,2.164,0.392,0.493,0.638,0.953,1.559,0.64,0.161,0.742,0.044,0.188,0.24,1.537,0.735,2.246,0.071,0.191,0.247,1.682,0.122,0.328,1.458,0.973,2.31,1.919,1.695,1.641,0.839,1.373,2.341,0.06,1.677,0.054,0.07,0.44,NA,NA
1966,1.726,1.877,2.018,2.14,1.884,2.109,1.814,2.686,2.934,2.826,1.988,2.496,1.883,2.438,2.389,2.036,1.678,1.446,1.039,3.473,1.701,1.22,1.825,1.208,1.735,1.113,2.463,1.927,1.409,1.405,1.294,3.318,2.547,1.303,1.289,1.297,1.488,1.365,3.94,2.107,1.745,0.847,0.851,1.639,1.771,2.801,1.534,2.655,2.204,1.96,0.906,1.739,2.92,1.929,2.319,1.577,2.566,1.504,1.232,0.086,0.064,0.105,0.526,1.021,0.091,0.244,0.082,0.435,0.444,1.14,0.139,0.358,0.505,0.252,0.142,0.976,0.705,2.256,1.487,1.003,0.111,0.34,0.201,0.272,0.908,1.419,0.728,0.958,1.12,1.624,1.919,0.391,0.504,0.704,0.124,0.759,0.971,1.081,1.151,0.151,0.75,0.114,1.206,1.048,1.529,0.429,0.174,0.204,1.019,0.422,1.037,2.217,1.571,1.761,1.616,1.019,0.892,0.254,0.978,1.327,0.381,1.486,0.066,0.328,0.897,NA,NA
1967,1.984,1.091,0.975,1.599,1.499,1.582,1.28,1.46,1.647,1.92,1.726,1.414,1.36,2.055,2.02,1.536,1.541,1.212,0.794,2.47,1.548,1.797,1.706,1.172,1.379,1.034,1.664,1.444,1.462,1.141,0.953,2.303,1.406,1.22,1.261,1.311,1.565,0.951,4.629,1.441,1.182,0.9,0.832,1.637,1.691,3.771,1.502,1.857,1.914,1.749,1.38,2.88,1.834,1.544,1.389,2.518,1.991,1.47,1.245,0.276,0.258,0.41,0.444,0.958,0.31,0.183,0.136,0.44,0.791,1.453,0.159,0.103,0.804,0.594,0.125,1.561,1.523,0.921,1.383,0.832,0.067,0.527,0.066,0.142,1.461,1.665,1.459,1.189,0.619,1.304,0.874,1.376,0.921,1.373,0.517,0.923,2.051,1.175,0.566,0.067,0.738,0.079,1.097,2.356,1.628,1.192,0.127,0.109,1.267,0.866,1.598,1.303,1.389,1.505,2.03,1.97,1.893,0.069,0.594,1.397,0.626,1.838,0.384,0.587,0.25,NA,NA
1968,1.925,1.203,1.253,1.51,1.353,1.214,1.586,1.195,1.905,1.408,1.385,1.477,1.235,2.121,2.147,0.851,1.613,1.364,0.905,2.2,1.836,1.411,1.82,1.22,1.498,1.62,1.455,1.127,1.475,1.103,1.391,2.344,0.957,1.008,1.394,1.434,1.388,1.734,3.022,1.577,1.039,0.91,1.152,1.784,1.915,2.296,1.017,1.81,1.446,1.562,1.024,2.669,1.857,1.271,1.57,2.27,1.721,1.629,1.548,0.427,0.382,0.764,0.745,1.28,0.686,0.193,0.26,0.195,0.257,1.551,0.271,0.061,1.23,0.087,0.116,1.38,1.158,1.924,1.88,1.372,0.07,0.134,0.053,0.111,1.461,1.2,1.506,0.913,1.282,1.471,1.532,0.921,1.107,1.27,0.785,1.487,1.583,0.213,0.211,0.071,0.141,0.031,1.289,1.682,2.267,0.259,0.463,0.558,1.286,0.136,0.367,0.879,0.97,2.145,1.895,2.334,2.172,0.113,0.924,2.089,0.126,1.933,0.472,0.218,0.754,0.714,1.93
1969,1.421,1.18,1.076,2.174,1.604,1.473,1.48,1.371,2.254,1.197,1.896,1.693,1.255,2.506,2.271,1.037,1.277,1.02,0.43,2.467,1.68,1.45,1.11,1.26,1.278,1.274,2.097,1.48,1.227,1.313,0.905,2.521,1.818,0.711,1.111,1.264,1.391,1.414,2.603,1.633,1.238,0.384,0.613,1.424,0.995,2.035,1.252,1.915,1.373,2.206,1.468,1.969,1.998,0.765,2.161,1.622,1.927,1.109,0.958,0.074,0.07,0.133,0.616,0.786,0.063,0.125,0.12,0.679,0.764,1.17,0.088,0.357,0.808,0.762,0.312,0.784,0.664,1.758,1.41,1.067,0.307,0.626,0.341,0.516,1.152,0.77,0.673,0.774,0.629,0.884,1.964,0.616,0.453,0.65,0.82,1.286,0.823,1.244,1.506,0.246,0.813,0.339,1.27,1.409,2.092,1.562,0.757,0.806,0.876,0.792,1.738,1.364,1.294,1.649,1.537,1.938,1.754,0.08,0.75,1.975,0.947,1.345,1.035,0.794,0.839,1.115,1.444
1970,1.213,0.92,0.746,1.033,1.541,0.782,1.092,0.869,1.4,0.638,1.638,1.337,1.071,1.816,1.789,0.887,1.054,0.809,0.5,1.71,1.207,1.439,0.839,0.621,1.08,1.689,1.799,1.116,0.933,0.915,0.656,1.564,1.386,0.553,0.89,0.658,0.98,1.229,3.037,1.462,0.877,0.619,0.441,0.896,1.105,2.362,1.595,1.282,1.83,1.478,1.617,1.582,1.834,0.74,1.649,1.319,1.315,1.215,1.19,0.599,0.439,0.83,0.587,1.041,0.994,0.244,0.233,0.632,0.704,1.447,0.526,0.535,1.102,0.53,0.722,0.766,0.525,1.563,1.331,1.149,0.3,0.299,0.373,0.743,0.963,1.111,0.58,0.84,0.812,1.037,1.176,0.968,0.698,0.727,0.948,1.273,1.199,0.873,0.994,0.192,0.57,0.169,1.256,1.4,2.074,0.897,0.575,0.64,1.113,0.48,1.296,1.154,1.108,1.54,1.933,1.615,1.689,0.076,0.842,1.971,0.551,0.393,0.898,0.77,1.073,0.24,1.519
1971,0.933,0.773,1.005,1.543,1.513,0.857,1.528,1.404,1.624,0.581,1.74,1.5,1.002,1.832,1.699,0.699,0.976,0.986,0.585,1.74,1.231,1.339,1.411,0.743,0.925,1.294,1.233,1.532,0.888,0.89,0.903,1.544,1.266,0.273,1.05,0.844,1.334,0.952,2.177,1.227,1.094,0.426,0.419,0.967,1.34,1.687,1.174,1.616,1.362,1.293,1.593,1.495,2.067,0.589,1.461,1.324,1.417,1.083,0.663,0.434,0.21,0.77,0.629,0.744,0.908,0.325,0.205,0.886,1.069,1.086,0.467,0.616,1.241,0.596,0.791,1.004,0.794,1.915,1.132,0.989,0.718,0.597,1.042,1.046,1.438,0.907,1.095,0.712,0.746,1.134,1.729,1.081,1.033,0.78,0.826,0.801,1.461,0.839,1.003,0.565,0.955,0.799,1.067,1.983,1.384,1.232,0.815,1.038,0.907,0.734,1.564,1.234,0.848,1.309,1.349,1.727,1.392,0.066,0.652,1.41,0.998,0.741,1.768,1.525,1.507,0.64,2.006
1972,0.888,0.895,0.674,1.291,1.203,0.938,1.073,1.241,1.511,0.914,1.6,1.285,0.963,1.914,2.017,0.633,1.079,0.792,0.847,1.43,1.028,1.482,0.842,0.775,0.985,1.352,1.353,1.167,0.943,1.163,1.388,1.637,1.236,0.579,1.163,0.934,1.374,1.302,2.171,1.156,0.924,0.955,0.74,0.809,1.155,1.705,0.955,1.25,1.281,0.858,0.893,0.978,2.187,0.857,1.227,0.8,2.06,1.235,0.697,0.569,0.393,0.76,1.093,0.933,1.075,0.593,0.618,1.029,1.792,1.192,0.523,0.489,1.921,0.963,1.393,0.726,0.275,1.132,1.102,1.275,2.602,0.67,2.595,2.046,0.748,1.045,0.776,0.669,0.902,1.459,1.054,1.63,0.606,0.49,0.563,1.234,1.403,1.617,1.823,2.234,1.646,1.824,1.032,1.399,1.283,1.821,0.906,0.991,0.976,1.243,2.053,0.996,1.07,1.18,1.369,1.352,1.745,0.073,0.737,1.1,1.823,0.421,1.995,2.207,1.423,1.112,3.1
1973,0.889,0.746,0.677,1.543,1.244,1.457,0.924,0.957,1.704,1.277,1.466,1.606,1.164,1.109,1.1,0.9,1.753,1.312,0.838,2.058,1.877,2.056,1.444,0.663,1.037,1.694,1.766,1.638,1.412,1.243,1.375,1.919,1.376,0.964,1.67,1.58,1.663,1.596,1.85,1.652,1.119,1.04,1.03,1.405,1.85,1.151,0.932,1.628,1.13,1.275,1.945,1.209,1.788,1.401,1.506,1.17,1.46,1.833,1.43,0.704,0.459,1.373,1.345,1.42,1.503,1.017,1.133,1.251,2.219,1.949,0.798,1.08,1.928,1.543,1.478,0.663,0.483,1.299,1.802,1.753,2.161,1.07,2.047,2.419,0.746,1.177,0.764,0.513,1.12,1.904,1.496,2.202,0.637,0.565,0.478,1.123,1.246,2.213,2.944,1.966,2.276,1.976,1.79,2.271,1.585,2.761,1.729,1.483,1.321,1.721,3.079,1.249,1.272,1.28,1.999,1.89,2.423,0.053,0.917,2.202,1.994,0.844,1.687,2.036,2.123,1.965,3.075
1974,1.038,0.747,0.599,1.143,1.457,1.17,0.85,0.728,1.94,1.543,1.766,1.687,1.183,1.284,1.334,0.849,1.925,1.118,1.157,1.947,1.817,1.635,1.434,0.882,1.301,1.777,1.444,2.051,1.588,1.167,1.245,1.873,1.366,1.148,1.577,1.244,1.336,1.853,1.77,1.499,1.352,1.005,0.995,1.278,1.777,1.396,1.081,1.883,1.299,1.773,1.451,1.099,1.559,1.231,1.773,1.149,1.563,1.818,2.019,1.102,0.876,2.059,1.021,1.218,2.637,1.328,1.972,1.193,2.226,1.683,1.505,1.909,2.198,1.411,2.775,0.71,0.293,2.076,1.748,1.364,2.036,1.274,2.243,2.811,0.978,1.313,0.876,0.465,0.93,1.335,1.692,2.514,0.591,0.532,0.652,1.392,0.899,2.201,2.316,1.801,1.829,2.1,2.214,1.231,1.719,2.631,2.672,2.028,1.035,1.679,2.572,1.472,1.396,1.601,2.049,1.759,2.22,0.156,1.05,2.095,1.631,0.239,2.343,2.628,2.301,1.346,2.638
1975,0.825,0.704,0.837,1.048,1.476,1.178,1.191,0.78,2.156,1.622,1.856,2.232,1.421,1.24,1.176,0.782,2.024,1.821,1.314,2.02,2.663,2.455,1.68,1.539,1.849,2.458,1.633,1.522,1.976,1.968,1.465,2.14,1.472,1.657,1.954,1.831,2.203,1.921,1.681,1.564,1.19,1.436,1.453,1.898,2.089,1.379,1.1,1.723,1.526,1.446,1.264,1.479,1.684,1.852,1.607,1.406,1.254,2.367,1.711,1.185,1.017,2.297,0.996,1.019,2.706,2.074,2.443,1.186,1.833,1.854,1.532,1.775,2.204,1.503,3.529,0.978,0.799,1.649,1.615,1.407,1.897,1.381,2.826,2.703,0.871,1.384,0.995,0.817,1.164,1.807,1.41,2.317,0.596,0.511,0.649,1.871,0.955,2.073,2.17,1.435,1.953,2.438,1.774,1.546,2.005,2.54,2.228,2.132,1.332,1.694,2.273,1.42,1.371,1.705,2.044,2.127,1.988,0.376,1.173,1.67,1.801,1.449,2.775,3.098,3.173,0.547,3.719
1976,1.448,0.899,1.526,1.26,2.528,1.185,1.83,1.16,1.855,1.815,2.075,1.863,1.757,1.991,1.93,1.278,1.497,1.33,0.67,2.57,1.609,1.311,1.048,0.83,1.3,1.351,1.681,1.651,0.936,1.227,1.017,2.477,1.713,0.444,1.155,0.888,1.51,1.166,1.841,1.565,1.311,0.459,0.543,0.837,1.589,1.799,0.824,1.974,1.478,1.517,1.48,1.565,2.242,0.957,1.637,1.427,1.711,1.239,1.028,1.242,0.831,2.088,0.703,0.981,2.457,2.383,2.261,1.597,2.328,1.94,1.387,1.538,2.473,1.621,3.595,1.053,0.553,1.784,1.433,1.236,2.799,1.693,4.034,3.332,1.108,1.301,1.171,0.802,0.812,1.171,1.367,2.543,0.772,0.64,1.357,1.46,1.187,2.775,2.246,2.063,2.117,3.001,1.606,1.686,1.891,2.374,1.993,1.927,1.147,1.807,2.116,1.818,1.546,1.446,2.073,2.313,2.201,0.432,0.843,2.073,1.557,0.924,4.826,4.409,3.287,0.901,4.46
1977,1.827,0.599,1.358,1.238,2.344,1.108,1.52,1.124,1.837,1.785,1.683,1.609,1.171,2.158,2.226,0.711,1.151,0.928,0.684,1.986,1.419,1.171,1.059,0.618,1.043,1.777,1.352,0.907,1.056,0.748,0.879,1.487,1.059,0.966,1.297,0.974,1.073,1.311,1.955,1.688,1.157,0.727,0.691,0.835,1.222,2.183,1.193,1.514,1.831,1.65,1.843,1.55,1.744,0.861,1.39,1.59,1.991,1.121,1.281,1.72,1.253,2.173,0.789,1.385,3.847,2.536,2.363,1.91,3.349,1.991,1.816,2.243,2.249,2.248,3.674,1.043,0.612,1.798,1.909,1.637,2.319,2.133,3.72,3.255,1.168,1.681,1.181,0.624,1.042,1.952,1.977,2.766,0.714,0.566,1.097,1.267,1.287,3.735,3.199,2.289,2.434,2.855,1.259,1.794,2.205,2.888,3.194,3.044,1.12,1.751,2.473,1.442,1.509,1.653,2.351,2.195,1.934,1.094,1.085,2.049,2.111,1.168,4.928,4.284,3.359,1.013,4.198
1978,1.543,0.42,1.023,0.947,2.051,0.656,1.119,0.66,1.637,1.299,0.967,0.96,1.355,1.486,1.545,0.764,1.11,0.865,0.32,1.346,1.4,1.089,0.791,0.451,0.557,1.47,1.229,1.368,0.918,0.454,0.447,1.12,0.818,0.942,1.04,0.734,0.399,1.002,1.452,1.339,0.485,0.607,0.515,0.885,0.975,1.147,0.659,0.918,1.389,1.198,0.503,1.821,1.889,1.165,0.972,0.939,2.046,1.241,1.119,1.502,1.557,2.22,0.741,0.888,3.536,2.758,2.777,1.153,2.113,1.469,2.24,2.117,2.461,1.315,2.297,0.95,0.749,1.884,1.686,1.506,1.785,1.365,2.249,2.058,1.265,1.23,1.002,0.663,0.817,1.336,1.449,2.65,0.527,0.264,0.99,1.3,1.669,1.953,1.892,1.773,1.712,2.214,1.253,1.718,1.88,1.926,3.654,3.328,1.046,1.192,1.719,2.049,1.698,1.359,1.961,2.011,1.929,1.55,0.995,2.037,1.163,1.684,2.866,2.637,2.228,1.444,3.025
1979,0.835,0.262,0.473,0.287,0.623,0.192,0.475,0.378,0.421,0.439,0.617,0.323,0.642,0.655,0.552,0.529,0.373,0.219,0.162,0.423,0.395,0.543,0.281,0.252,0.278,0.747,0.385,0.357,0.219,0.201,0.264,0.643,0.313,0.183,0.405,0.131,0.197,0.482,0.643,0.551,0.232,0.151,0.149,0.098,0.307,0.387,0.273,0.423,0.777,0.437,0.202,0.829,0.545,0.269,0.385,0.7,0.636,0.273,0.208,0.67,0.574,1.556,0.173,0.284,2.237,1.373,1.531,0.308,0.933,0.436,1.499,1.448,1.655,0.292,0.619,0.673,0.878,1.816,0.486,0.341,0.462,0.584,0.581,0.586,0.982,0.611,0.99,0.584,0.267,0.434,1.662,1.32,0.156,0.189,0.888,0.269,1.339,1.018,0.68,0.386,0.206,0.783,0.268,2.032,0.218,0.774,3.55,3.881,0.212,0.248,0.886,1.423,1.352,0.422,0.56,0.544,0.647,0.836,0.359,0.285,0.327,1.942,0.428,0.257,0.578,0.631,0.892
1980,0.678,0.271,0.355,0.395,0.416,0.114,0.351,0.186,0.727,0.396,0.69,0.485,0.688,0.772,0.852,0.448,0.581,0.4,0.529,0.312,0.563,0.596,0.314,0.453,0.647,1.137,0.174,0.088,0.356,0.558,0.496,0.257,0.222,0.551,0.492,0.294,0.59,0.729,0.198,0.13,0.091,0.243,0.297,0.193,0.304,0.093,0.224,0.138,0.351,0.17,0.159,0.414,0.59,0.534,0.168,0.658,0.55,0.452,0.174,0.144,0.164,0.247,0.106,0.12,0.359,0.317,0.513,1.952,2.3,0.203,0.236,0.253,0.182,2.014,1.717,0.976,0.887,0.357,0.18,0.197,0.706,1.423,2.21,1.049,0.982,1.039,0.494,0.42,0.12,0.226,0.439,0.234,0.308,0.354,1.022,0.126,1.168,2.779,2.143,0.469,1.644,2.21,0.104,1.738,0.105,2.108,2.188,2.258,0.013,0.784,2.126,0.351,0.327,0.189,0.199,0.088,0.266,0.235,0.144,0.056,0.788,1.907,1.956,1.955,0.735,0.237,0.715
1981,0.605,0.031,0.151,0.188,0.415,0.094,0.429,0.042,0.583,0.539,0.617,0.287,0.699,0.557,0.613,0.287,0.953,0.674,0.212,0.517,1.006,0.621,0.807,0.151,0.291,1.332,0.38,0.496,0.629,0.248,0.315,0.859,0.44,0.665,0.858,0.571,0.391,1.014,0.146,0.237,0.154,0.118,0.115,0.74,0.614,0.034,0.137,0.315,0.065,0.472,0.074,0.222,0.715,0.975,0.291,0.33,0.71,0.647,0.09,0.275,0.663,0.165,0.101,0.071,0.389,0.621,1.172,1.787,1.984,0.171,0.4,0.231,0.39,1.907,1.139,0.813,0.752,0.111,0.146,0.104,0.887,1.073,1.031,0.755,0.788,0.446,0.66,0.474,0.172,0.281,0.107,0.252,0.332,0.107,0.687,0.108,1.355,2.678,2.111,0.832,1.608,1.447,0.1,1.439,0.156,1.621,0.201,0.166,0.018,0.448,1.976,0.151,0.182,0.209,0.216,0.152,0.278,0.285,0.145,0.063,0.654,2.432,2.388,1.816,2.077,0.228,1.312
1982,0.307,0.362,0.153,0.285,0.359,0.075,0.159,0.249,0.798,0.308,0.632,0.738,0.471,0.497,0.34,0.482,0.337,0.3,0.054,0.65,0.518,0.523,0.307,0.063,0.147,0.793,0.313,0.493,0.252,0.107,0.104,0.815,0.457,0.143,0.456,0.281,0.115,0.629,0.069,0.294,0.228,0.194,0.139,0.196,0.198,0.131,0.139,0.391,0.102,0.462,0.131,0.047,0.389,0.179,0.273,0.159,0.48,0.386,0.135,0.34,0.345,0.763,0.116,0.112,1.962,0.509,1.421,1.475,1.828,0.111,0.726,0.768,1.002,1.155,1.405,0.106,0.125,0.077,0.054,0.068,1.322,1.242,1.84,1.584,0.08,0.115,0.22,0.131,0.092,0.092,0.049,0.978,0.172,0.062,0.21,0.155,0.555,2.099,1.995,1.535,1.353,1.429,0.078,0.106,0.132,2.163,0.265,0.252,0.064,0.885,1.8,0.284,0.224,0.122,0.118,0.164,0.246,0.556,0.084,0.07,0.9,1.612,2.239,2.54,1.527,0.212,1.912
1983,0.17,0.2,0.083,0.213,0.103,NA,0.056,0.121,0.54,0.139,0.089,0.543,0.156,0.347,0.272,0.229,0.474,0.712,0.342,0.21,0.835,0.671,0.708,0.245,0.37,0.65,0.094,0.268,0.373,0.298,0.566,0.204,0.09,0.369,0.619,0.426,0.294,0.672,0.096,0.079,0.143,0.118,0.09,0.524,0.416,0.125,0.237,0.125,0.207,0.051,0.206,0.133,0.145,0.494,0.043,0.121,0.214,0.4,0.091,0.342,0.336,1.255,0.223,0.269,1.177,1.304,1.223,0.267,0.645,0.19,0.766,0.566,1.683,0.286,0.7,0.18,0.108,0.172,0.107,0.076,1.031,0.267,1.333,1.005,0.038,0.044,0.091,0.081,0.119,0.247,0.22,1.457,0.056,0.073,0.083,0.152,0.563,0.439,0.368,0.694,0.273,0.755,0.066,0.369,0.58,0.512,1.02,0.404,0.032,0.164,0.38,0.099,0.104,0.211,0.204,0.121,0.489,0.426,0.204,0.426,0.222,2.439,3.431,3.679,1.52,0.296,0.909
1984,0.18,0.302,0.097,0.182,0.189,NA,0.075,0.206,0.951,0.256,0.505,1.014,0.469,0.343,0.361,0.529,0.718,0.944,0.897,0.428,0.975,0.466,0.788,0.869,0.802,1.258,0.212,0.643,0.227,0.808,0.765,0.456,0.25,0.514,0.708,0.547,0.677,1.099,0.074,0.096,0.09,0.072,0.137,0.373,0.429,0.128,0.113,0.161,0.065,0.246,0.079,0.031,0.26,0.51,0.085,0.087,0.416,0.528,0.324,0.169,0.121,0.202,0.223,0.283,0.162,0.389,0.496,0.071,0.155,0.23,0.185,0.168,1.523,0.142,0.36,0.124,0.194,0.327,0.224,0.134,0.42,0.079,0.21,0.354,0.124,0.091,0.042,0.096,0.367,0.591,0.286,1.46,0.05,0.084,0.091,0.18,0.459,0.261,0.262,0.31,0.104,0.531,0.08,0.54,0.806,0.182,1.305,0.829,0.101,0.086,0.094,0.194,0.308,0.383,0.208,0.604,0.553,0.295,0.392,0.422,0.09,1.584,0.52,1.14,1.271,0.203,0.853
1985,0.302,0.316,0.08,0.237,0.252,NA,0.115,0.135,1.432,0.249,0.521,1.076,0.406,0.349,0.465,0.418,1.059,1.268,1.156,0.537,1.411,1.556,1.433,1.578,1.379,1.998,0.293,0.689,0.697,1.298,0.735,0.303,0.326,0.964,1.213,1.228,1.092,1.4,0.074,0.34,0.11,0.354,0.345,0.939,1.045,0.081,0.069,0.415,0.116,0.546,0.109,0.056,0.531,0.914,0.438,0.06,0.733,0.745,0.621,0.048,0.07,0.14,0.675,0.276,0.116,0.378,0.127,0.089,0.124,0.665,0.155,0.13,0.249,0.225,0.38,0.618,0.556,0.831,0.591,0.533,0.825,0.204,0.635,0.331,0.083,0.193,0.078,0.666,0.558,0.887,1.19,0.287,0.04,0.086,0.134,0.457,0.722,0.226,0.198,0.73,0.176,0.347,0.512,0.929,1.293,0.119,1.246,0.73,0.205,0.108,0.125,0.216,0.383,1.072,0.562,0.794,0.858,0.145,0.495,0.948,0.096,0.773,0.619,1.317,2.003,0.052,1.364
1986,0.436,0.324,0.112,0.47,0.269,NA,0.173,0.108,1.632,0.277,0.779,1.771,0.652,0.411,0.588,0.524,1.3,1.342,1.558,1.019,1.601,1.249,1.679,1.751,1.843,1.596,0.567,0.86,0.688,1.304,1.331,0.591,0.603,1.036,1.173,1.363,1.848,1.322,0.133,0.624,0.664,0.594,0.725,1.152,1.487,0.121,0.097,0.978,0.254,0.508,0.185,0.072,0.699,1.32,0.505,0.064,1.113,1.191,0.781,0.124,0.124,0.286,0.626,0.645,0.295,0.793,0.206,0.245,0.249,1.103,0.148,0.105,0.117,0.224,0.829,0.957,0.614,1.118,0.871,0.915,1.218,0.296,0.637,0.891,0.164,0.545,0.224,0.865,0.521,0.803,1.204,0.406,0.191,0.226,0.252,1.006,1.083,0.353,0.308,1.279,0.319,0.919,0.663,1.142,1.738,0.166,1.361,1.432,0.643,0.163,0.236,0.792,0.698,0.98,1.329,1.087,1.321,0.216,0.511,1.396,0.161,2.092,2.29,2.427,2.044,0.2,1.912
1987,0.403,0.307,0.182,0.422,0.458,NA,0.351,0.258,1.359,0.366,0.965,1.488,0.701,0.466,0.502,0.804,1.003,1.302,1.173,1.177,1.435,1.075,1.274,1.384,1.629,1.36,0.6,0.888,0.639,1.201,1.066,0.77,0.604,0.887,1.245,1.082,1.645,0.861,0.272,0.738,0.764,0.476,0.636,0.84,1.254,0.176,0.24,1.004,0.503,0.728,0.361,0.196,0.597,0.953,0.562,0.172,0.881,0.948,0.921,0.112,0.13,0.477,0.846,0.437,1.125,1.431,0.551,0.211,0.781,1.33,0.395,0.377,0.462,0.622,1.159,1.074,0.804,1.436,1.078,1.01,1.503,0.21,1.503,1.355,0.207,0.713,0.345,0.744,0.71,1.032,1.136,1.078,0.184,0.276,0.244,0.988,1.662,0.879,0.406,1.797,0.538,1.238,0.785,1.961,1.828,0.694,1.248,1.598,0.588,0.208,0.173,0.89,0.73,1.363,1.588,1.447,1.52,0.538,1.055,1.275,0.174,2.188,1.943,2.454,1.893,0.193,2.398
1988,0.516,0.157,0.203,0.358,0.457,NA,0.548,0.149,1.197,0.36,0.804,1.113,0.473,0.391,0.542,0.467,1.407,2.005,2.2,0.976,1.932,1.348,1.692,2.068,1.138,1.765,0.671,0.97,0.936,1.662,1.739,0.561,0.578,1.554,1.595,1.593,1.95,1.602,0.129,0.735,0.421,1.003,0.988,1.528,1.492,0.108,0.236,0.877,0.313,0.54,0.333,0.112,0.569,1.36,0.543,0.08,0.996,1.26,1.378,0.099,0.149,0.482,0.863,0.376,1.38,1.303,0.789,0.11,0.327,1.949,0.235,0.26,0.722,0.583,0.93,1.457,0.995,1.679,1.805,1.387,1.744,0.302,2.036,1.266,0.174,0.954,0.603,1.225,1.151,1.313,2.022,1.253,0.163,0.254,0.651,1.093,2.095,0.279,0.294,1.755,0.23,0.874,1.339,2.649,2.478,0.382,0.611,0.909,0.977,0.171,0.071,1.323,1.257,1.736,1.802,1.657,1.712,0.558,1.055,2.597,0.171,1.879,2.152,2.633,1.005,0.377,1.927
1989,0.741,0.174,0.37,0.402,0.494,NA,0.958,0.239,2.29,0.405,0.921,1.604,0.657,0.736,0.718,0.629,0.683,1.02,1.307,1.316,1.022,0.825,1.189,1.604,1.836,1.497,1.331,1.51,0.74,1.277,1.272,0.975,1.11,0.704,0.892,0.969,1.427,0.889,0.223,0.99,0.481,0.619,0.769,0.921,1.186,0.232,0.203,1.26,0.565,1.111,0.192,0.262,1.096,1.032,0.894,0.222,1.248,0.968,0.637,0.136,0.175,0.375,0.21,0.14,0.606,1.329,0.444,0.12,0.294,1.355,0.184,0.264,0.618,0.592,0.405,1.042,0.879,1.602,1.755,1.311,0.651,1.193,0.721,0.391,0.485,0.919,0.766,1.012,1.01,1.713,1.731,1.299,0.398,0.264,0.662,0.737,1.82,0.303,0.283,0.609,0.283,0.292,1.245,2.11,1.773,0.265,0.33,0.313,1.087,0.212,0.065,1.161,1.261,1.694,1.63,1.559,1.798,0.211,0.982,2.172,0.438,0.399,1.386,1.763,0.606,0.278,0.859
1990,0.847,0.317,0.426,0.487,0.601,NA,0.738,0.391,1.357,0.573,1.09,1.491,0.696,0.61,0.709,0.592,0.941,1.253,1.866,1.268,1.326,0.878,1.33,2.178,2.035,1.282,1.025,1.228,0.896,1.607,1.362,1.059,1.039,1.179,1.325,1.28,1.88,1.039,0.381,0.925,0.291,0.876,0.865,1.394,0.916,0.316,0.098,1.038,0.79,1.294,0.183,0.363,1.2,1.444,1.009,0.234,1.097,1.057,0.713,0.182,0.187,0.148,0.576,1.084,0.25,0.248,0.236,0.3,1.316,2.065,0.118,0.114,0.269,1.019,0.738,1.168,1.094,1.797,1.926,1.742,0.91,1.099,1.784,0.808,0.393,1.225,1.236,0.564,1.314,1.631,1.217,0.364,0.4,0.173,0.51,0.759,1.582,1.604,1.231,1.57,1.484,0.632,1.079,2.001,0.527,1.23,1.269,1.648,1.417,0.809,0.721,1.507,1.581,1.696,1.971,1.793,1.992,0.367,0.72,1.402,1.056,1.248,1.766,1.928,1.505,0.232,1.606
1991,0.787,0.387,0.436,0.484,0.466,NA,0.654,0.411,1.423,1.098,0.895,0.927,0.611,0.837,1.068,0.615,1.12,1.118,1.378,1.339,1.132,0.698,1.113,1.309,1.569,1.509,1.271,1.677,0.585,1.055,0.992,0.918,1.628,0.719,0.984,0.859,1.202,1.466,0.332,1.252,0.358,0.404,0.427,0.921,0.933,0.317,0.084,1.477,1.039,1.545,0.282,0.37,1.519,0.662,1.165,0.303,1.782,0.897,0.571,0.924,0.755,0.145,0.33,0.967,0.113,1.127,0.915,0.821,2.137,2.15,0.105,0.122,0.135,1.417,1.349,1.177,1.138,1.791,1.278,1.412,1.996,1.274,1.942,1.27,0.669,1.46,1.102,0.933,1.049,1.486,1.306,0.569,0.441,0.198,0.83,1.347,1.754,2.017,1.887,1.555,2.596,1.145,1.012,1.896,1.286,1.759,1.232,1.391,1.213,1.738,0.95,1.408,1.315,1.742,1.861,1.81,2.105,0.244,0.227,1.876,1.446,1.545,2.214,2.483,2.234,0.212,2.153
1992,0.823,0.346,0.484,0.834,0.394,NA,0.656,0.204,1.68,0.832,0.688,1.05,0.404,0.505,0.668,0.569,0.591,0.403,1.377,1.294,0.587,0.351,0.71,1.111,0.927,0.767,1.131,1.243,0.311,0.956,0.982,1.084,1.318,0.451,0.596,0.454,1.262,0.498,0.289,0.968,0.274,0.194,0.125,0.49,0.526,0.235,0.085,1.089,0.703,1.307,0.264,0.292,1.558,0.531,0.79,0.272,1.031,0.504,0.305,0.848,0.416,0.253,0.139,0.469,0.45,1.732,0.819,0.441,1.89,0.697,0.158,0.329,0.334,1.035,1.041,0.375,0.358,0.216,0.824,0.756,1.43,0.509,1.132,0.65,0.142,0.671,0.385,0.177,0.346,0.903,0.184,0.619,0.11,0.1,0.243,0.341,0.355,1.772,1.76,1.301,1.564,0.747,0.421,0.313,0.31,2.226,1.408,1.455,0.46,1.099,0.914,0.506,0.44,0.775,0.875,0.295,0.692,0.259,0.282,0.376,1.134,1.232,0.513,0.079,0.901,0.221,0.987
1993,0.41,0.267,0.349,0.647,0.295,NA,0.639,0.078,1.024,0.365,0.43,1.092,0.44,0.466,0.584,0.518,0.716,0.974,1.442,0.811,1.032,0.965,1.175,1.426,1.442,0.752,0.59,0.832,0.549,1.343,1.293,0.619,0.96,0.557,0.988,1.02,1.73,0.921,0.17,0.822,0.222,0.382,0.413,0.964,0.835,0.161,0.033,0.741,0.494,0.657,0.181,0.273,1.021,0.677,0.366,0.227,0.861,0.79,0.861,0.696,0.249,0.127,0.2,0.234,0.219,0.609,0.251,0.589,1.9,0.83,0.052,0.094,0.428,0.63,1.438,1.079,1.015,1.029,1.396,1.316,1.259,1.598,1.448,1.418,0.661,0.936,0.921,0.332,1.124,0.705,1.086,0.654,0.256,0.236,0.683,1.028,1.536,1.756,1.625,1.41,1.795,1.231,0.966,1.547,1.272,2.461,1.231,1.278,1.361,1.075,2.125,0.941,1.005,0.806,0.881,0.872,1.255,0.239,0.915,1.336,1.446,1.53,1.327,1.967,1.772,0.163,1.139
1994,0.275,0.262,0.168,0.381,0.399,NA,0.357,0.251,0.821,0.164,0.371,0.566,0.274,0.232,0.289,0.207,0.843,0.832,0.906,0.435,0.988,1.231,0.951,0.85,1.103,0.903,0.454,0.554,0.72,1.011,0.892,0.426,0.465,0.832,1.235,0.854,1.399,0.821,0.087,0.43,0.122,0.288,0.41,0.858,1.033,0.072,0.073,0.579,0.546,0.373,0.081,0.106,0.474,0.642,0.31,0.079,0.395,0.872,1.306,0.726,0.746,0.424,0.382,0.818,0.424,1.456,0.894,0.418,0.96,1.535,0.202,0.337,0.695,0.508,1.305,0.827,1.098,1.537,1.148,1.759,1.311,0.898,1.362,2.289,0.623,0.998,1.013,0.377,0.925,1.038,1.037,0.391,0.258,0.245,0.522,1.389,1.541,0.648,0.517,1.63,0.321,1.036,1.084,2.083,1.419,1.679,0.367,0.522,1.34,0.391,0.714,0.956,1.195,1.209,1.655,1.111,1.974,0.584,1.025,1.544,0.598,0.403,3.36,2.907,2.955,0.586,1.438
1995,0.58,0.256,0.507,0.751,0.47,NA,0.577,0.081,0.903,0.548,0.543,1.082,0.415,0.571,0.731,0.487,0.485,0.747,0.758,1.277,0.767,0.742,0.951,0.677,0.623,0.793,0.698,0.892,0.672,0.759,1.031,0.743,0.721,0.602,0.967,0.851,1.022,0.652,0.168,0.852,0.375,0.292,0.351,0.75,0.762,0.225,0.104,0.83,0.615,0.725,0.115,0.626,1.239,0.404,0.749,0.666,1.7,0.728,0.53,0.2,0.228,0.38,0.874,1.237,0.596,1.778,1.127,0.768,1.919,0.985,0.174,0.312,0.391,0.626,1.031,0.443,0.782,0.831,0.835,1.394,1.483,1.504,1.754,2.323,0.354,0.594,0.668,0.158,0.612,0.926,0.749,0.717,0.155,0.161,0.485,1.09,1.111,1.607,1.219,1.517,0.948,1.335,0.824,1.526,1.208,2.086,0.924,0.807,1.256,1.103,0.929,0.793,0.869,0.733,1.161,0.763,1.218,0.357,0.646,0.85,1.078,1.58,3.23,2.486,2.423,0.306,2.231
1996,0.17,0.136,0.288,0.265,0.148,NA,0.213,0.124,0.533,0.147,0.23,0.369,0.189,0.198,0.315,0.325,0.775,1.04,1.181,0.252,0.995,0.903,1.094,1.189,1.249,1.051,0.127,0.184,0.85,0.992,1.241,0.17,0.142,0.599,0.967,0.716,1.297,0.689,0.049,0.096,0.088,0.301,0.383,0.875,0.634,0.115,0.035,0.211,0.133,0.121,0.019,0.122,0.34,0.667,0.108,0.077,0.306,1.037,0.807,0.513,0.424,0.346,0.206,0.588,0.519,1.9,1.125,1.39,2.251,1.272,0.187,0.511,0.449,1.414,0.834,0.745,0.813,1.063,0.785,1.396,1.705,1.694,1.151,1.929,0.672,0.766,0.989,0.228,0.947,1.264,1.406,0.994,0.124,0.07,0.115,1.583,1.828,2.137,1.671,1.314,1.316,0.515,0.731,1.999,1.859,2.054,1.002,0.945,1.034,1.604,1.86,1.043,1.262,2,1.388,0.812,1.654,0.428,0.906,1.855,0.807,1.528,2.606,2.478,1.945,0.429,2.348
1997,0.451,0.105,0.31,0.939,0.171,NA,0.366,0.111,1.026,0.445,0.295,0.858,0.377,0.594,0.589,0.401,0.769,1.105,1.471,0.811,1.224,1.158,1.48,0.967,1.199,1.493,0.659,0.869,0.935,0.596,1.092,0.72,0.617,0.602,1.108,0.941,1.714,1.084,0.103,0.638,0.279,0.466,0.458,0.692,0.878,0.174,0.03,0.757,0.442,0.474,0.026,0.386,0.742,0.831,0.612,0.369,1.159,0.831,0.744,0.486,0.731,0.437,0.115,0.339,0.784,1.342,0.802,1.07,2.526,1.833,0.068,0.28,0.584,1.104,1.025,1.166,1.512,0.977,0.955,1.035,2.042,1.112,1.249,2.184,0.812,1.233,0.964,0.328,1.236,1.688,0.994,0.884,0.229,0.127,0.484,1.234,1.543,2.563,2.535,1.764,1.526,0.734,0.892,2.482,1.837,2.895,1.172,1.674,1.653,2.107,2.355,1.467,1.259,2.454,1.447,1.668,1.911,0.134,1.101,1.959,1.458,1.896,3.284,3.226,2.611,0.093,3.441
1998,0.695,0.3,0.358,1.364,0.588,NA,0.52,0.235,1.552,0.773,0.57,1.249,0.468,0.582,0.788,0.428,1.034,1.031,1.85,0.931,1.408,1.065,1.201,1.437,1.644,1.046,0.887,1.525,0.911,1.34,1.454,0.901,0.982,0.56,1.432,1.066,1.952,0.961,0.18,1.126,1.268,0.542,0.522,0.872,0.933,0.32,0.025,1.407,0.87,0.859,0.026,0.585,1.061,0.586,0.831,0.675,1.754,0.829,1.388,1.055,0.916,0.519,0.093,0.313,1.041,1.891,1.177,1.012,1.686,1.828,0.221,0.404,0.518,1.032,0.905,1.424,1.341,2.036,1.828,1.758,1.279,1.233,0.83,1.269,1.25,1.616,1.481,0.487,1.579,1.54,1.891,0.998,0.247,0.067,1.173,2.051,2.004,1.285,1.082,1.021,0.831,0.495,1.104,2.457,1.88,1.41,1.148,1.185,1.985,1.116,1.345,1.525,1.363,1.682,2.074,1.546,1.812,0.483,1.394,2.136,0.974,1.438,1.238,1.401,1.872,0.36,1.966
1999,0.654,0.294,0.449,2.089,0.677,NA,0.651,0.285,2.009,0.491,0.697,1.975,0.405,0.443,0.536,0.608,0.506,0.542,0.703,0.953,0.382,0.422,0.599,0.487,0.607,0.564,1.109,0.988,0.254,0.36,0.838,1.02,1.131,0.149,0.694,0.325,0.677,0.479,0.235,1.082,1.087,0.068,0.124,0.246,0.292,0.203,0.024,1.069,0.911,1.012,0.021,0.484,1.353,0.189,0.963,0.609,1.656,0.304,0.467,0.542,0.424,0.402,0.049,0.261,0.86,0.92,0.811,0.234,0.285,1.13,0.212,0.491,0.352,0.299,0.374,0.729,0.627,0.582,0.926,1.095,0.46,0.953,0.302,0.369,0.714,0.802,0.976,0.256,0.664,0.867,0.784,0.649,0.141,0.059,0.336,1.3,0.823,0.261,0.204,0.281,0.11,0.15,0.695,1.4,0.911,0.037,0.264,0.561,1.239,0.182,0.237,0.647,0.937,0.992,1.205,1.387,1.403,0.436,0.49,0.887,0.15,0.155,0.535,0.486,0.793,0.311,0.768
2000,0.232,0.102,0.196,0.976,0.286,NA,0.322,0.081,0.989,0.176,0.309,0.767,0.209,0.158,0.236,0.221,0.149,0.087,0.112,0.555,0.211,0.092,0.136,0.149,0.19,0.16,0.4,0.554,0.22,0.132,0.236,0.601,0.511,0.077,0.077,0.057,0.109,0.153,0.087,0.227,0.735,0.117,0.108,0.063,0.131,0.109,0.041,0.503,0.308,0.161,0.023,0.168,0.557,0.062,0.284,0.171,0.412,0.173,0.442,0.125,0.046,0.189,0.053,0.157,0.138,0.15,0.1,0.168,0.353,1.302,0.112,0.157,0.125,0.183,0.249,0.2,0.147,0.342,0.417,0.488,0.242,0.247,0.26,0.275,0.525,0.57,0.832,0.1,0.614,0.858,0.324,0.207,0.114,0.051,0.279,1.24,0.296,0.264,0.24,0.257,0.16,0.161,0.307,0.594,0.696,0.059,0.171,0.803,0.715,0.104,0.335,0.692,0.652,1.162,1.23,1.36,1.318,0.11,0.681,0.504,0.097,0.147,0.711,0.321,0.61,0.094,0.499
2001,0.183,0.041,0.089,0.599,0.126,NA,0.065,0.068,0.633,0.191,0.105,0.466,0.101,0.252,0.236,0.174,0.578,0.526,0.671,0.357,0.597,0.29,0.652,0.677,0.795,0.458,0.076,0.077,0.576,0.534,0.778,0.354,0.107,0.245,0.791,0.26,0.647,0.383,0.054,0.068,0.115,0.124,0.175,0.305,0.482,0.148,0.025,0.116,0.03,0.05,NA,0.065,0.547,0.242,0.04,0.097,0.401,0.532,0.232,0.171,0.127,0.202,0.047,0.289,0.088,0.223,0.102,0.821,1.237,1.778,0.064,0.084,0.234,NA,0.58,0.851,0.797,0.232,0.703,0.719,0.507,0.351,0.441,0.842,0.693,0.654,0.647,0.18,1.329,1.601,0.142,0.262,0.135,0.065,0.19,1.695,0.443,1.277,1.274,1.06,0.379,0.145,0.395,0.417,0.944,0.214,0.624,1.085,1.11,0.405,0.478,1.346,1.174,1.712,2.374,1.601,1.801,0.54,1.225,0.566,0.404,0.519,0.909,0.694,1.765,0.212,1.457
2002,0.228,0.121,0.042,1.266,0.38,NA,0.039,0.054,1.049,0.162,0.455,0.828,0.185,0.145,0.267,0.195,0.531,0.57,1.006,0.528,0.544,0.373,0.753,0.597,0.654,0.494,0.579,1.042,0.299,1.05,1.279,0.702,1.22,0.373,0.44,0.26,1.065,0.517,0.028,0.994,0.162,0.131,0.068,0.189,0.382,0.06,0.033,0.457,0.279,0.554,NA,0.407,1.48,0.316,0.579,0.402,0.616,0.324,0.164,0.323,0.33,0.219,0.052,0.15,0.44,0.667,0.272,0.432,1.108,0.881,0.145,0.195,0.375,NA,0.783,0.352,0.43,0.143,0.367,0.405,0.625,0.593,0.153,0.87,0.303,0.428,0.334,0.126,0.74,0.616,0.105,0.33,0.101,0.056,0.232,0.517,0.193,1.292,0.598,0.686,0.252,0.477,0.365,0.268,0.48,0.236,0.585,0.92,0.516,0.418,1.01,0.51,0.517,0.679,1.217,0.84,1.054,0.275,0.48,0.246,0.303,0.678,0.387,0.619,0.874,0.255,0.304
2003,0.459,0.308,0.11,1.34,0.622,NA,0.13,0.194,1.86,0.327,0.835,1.404,0.255,0.356,0.416,0.237,0.587,0.702,1.166,1.047,0.227,0.227,0.794,0.643,0.811,0.604,0.65,1.3,0.368,0.754,1.144,1.21,0.95,0.172,0.539,0.186,0.942,0.695,0.016,0.954,0.232,0.156,0.107,0.175,0.311,0.074,0.04,0.929,0.783,0.586,NA,0.412,1.505,0.301,0.69,0.282,1.059,0.312,0.214,0.245,0.241,0.201,0.052,0.36,0.22,1.136,0.351,0.495,1.195,1.03,0.115,0.308,0.129,NA,1.12,0.444,0.631,0.307,0.383,0.681,0.598,0.641,0.849,0.805,0.299,0.104,0.127,0.053,1.231,0.325,0.225,0.202,0.074,0.045,0.161,0.898,0.266,1.251,0.617,0.832,0.379,0.544,0.279,0.702,0.719,1.125,1.089,0.972,0.621,0.565,1.189,0.954,0.882,0.583,1.426,1.134,1.551,0.729,0.755,0.467,0.283,0.822,1.304,1.177,1.144,0.287,0.684
2004,0.563,0.202,0.121,1.491,0.704,NA,0.108,0.056,1.136,0.587,0.799,1.186,0.181,0.377,0.394,0.262,0.259,0.494,0.742,1.12,0.314,0.26,0.268,0.505,0.593,0.352,0.743,0.917,0.399,0.3,0.873,0.957,1.085,0.105,0.619,0.091,0.649,0.704,0.035,0.67,0.441,0.185,0.099,0.177,0.453,0.038,0.034,1.033,0.745,0.492,NA,0.212,0.952,0.075,0.467,0.184,0.564,0.334,0.185,0.234,0.351,0.185,NA,0.458,0.215,1.112,0.291,0.738,1.329,1.06,0.088,0.251,0.424,NA,1.459,0.303,0.367,0.276,0.527,0.512,0.845,0.542,1.174,1.209,0.3,0.203,0.139,0.164,0.422,0.647,0.315,0.295,0.07,0.061,0.122,0.662,0.397,2.309,1.317,1.28,0.904,0.782,0.236,0.676,0.502,0.953,1.358,1.827,0.497,0.869,1.888,0.441,0.52,0.777,0.984,0.51,1.173,0.719,0.313,0.521,0.728,2.179,1.748,1.413,1.694,0.241,1.234
2005,0.381,0.192,0.173,0.831,0.651,NA,0.139,0.211,1.163,0.302,0.731,1.138,0.187,0.344,0.348,0.28,0.209,0.283,0.651,0.543,0.309,0.211,0.432,0.762,0.733,0.344,0.313,0.49,0.294,0.625,0.948,0.668,0.45,0.212,0.301,0.22,0.927,0.613,0.016,0.273,0.247,0.244,0.192,0.235,0.426,0.091,0.021,0.649,0.56,0.152,NA,0.222,0.551,0.16,0.121,0.188,0.39,0.401,0.245,0.523,0.337,0.135,NA,0.861,0.174,1.572,0.93,0.563,0.908,0.751,0.074,0.192,0.257,NA,1.174,0.559,0.461,0.094,0.356,0.64,1.323,0.851,1.042,0.933,0.356,0.416,0.274,0.134,0.551,0.417,0.08,0.326,0.057,0.058,0.119,0.772,0.421,1.278,1.9,1.451,0.595,1.069,0.157,0.637,0.122,0.619,1.15,1.736,0.586,0.9,1.826,0.575,0.834,0.639,0.951,1.015,1.209,0.579,0.561,0.143,0.696,1.837,1.051,1.487,1.244,0.216,1.128
2006,0.288,0.1,0.202,0.941,0.519,NA,0.21,0.149,0.756,0.215,0.532,0.875,0.14,0.253,0.318,0.238,0.42,0.538,1.595,0.58,0.45,0.267,0.705,1.328,1.644,0.357,0.523,0.856,0.397,1.154,2.128,0.546,1,0.18,0.403,0.388,1.745,0.37,NA,0.635,0.35,0.18,0.296,0.337,0.446,0.141,NA,0.671,0.847,0.241,NA,0.217,1.057,0.144,0.216,0.194,0.664,0.548,0.234,0.267,0.303,0.205,NA,0.465,0.417,1.697,0.939,0.893,1.235,1.024,0.175,0.311,0.28,NA,1.458,0.566,0.37,0.183,0.805,0.957,1.606,0.869,1.617,1.645,0.384,0.538,0.292,0.121,0.641,0.585,0.356,0.286,0.072,0.068,0.389,0.957,0.552,0.912,1.398,1.701,0.474,1.014,0.221,1.48,0.45,1.169,1.446,1.825,0.958,0.887,1.758,0.704,0.694,0.571,1.244,1.98,1.584,0.824,0.536,0.414,0.767,1.668,2.013,2.331,2.544,0.384,2.568
2007,0.321,0.073,0.114,0.802,0.752,NA,0.114,0.08,1.089,0.271,0.802,0.926,0.287,0.285,0.193,0.251,0.376,0.478,1.315,0.706,0.165,0.336,0.729,0.813,0.693,0.392,0.298,0.908,0.124,0.968,1.391,0.689,0.675,0.094,0.379,0.335,1.478,0.519,NA,0.457,0.138,0.335,0.195,0.406,0.215,0.081,NA,0.486,0.614,0.349,NA,0.205,0.589,0.086,0.352,0.29,0.509,0.462,0.46,0.253,0.344,0.218,NA,NA,0.345,1.343,0.919,0.527,1.059,1.206,0.127,0.158,0.118,NA,0.377,1.051,0.664,0.292,1.241,1.167,0.231,0.521,0.393,0.354,0.599,0.468,0.68,0.046,0.739,0.573,0.583,0.068,0.054,0.051,0.94,1.251,1.252,0.497,0.584,0.285,0.349,0.271,0.266,1.699,0.728,1.022,0.301,0.327,0.968,0.22,0.472,0.749,0.977,0.764,1.615,2.329,1.943,0.135,0.66,0.693,0.288,0.411,0.208,0.194,0.447,0.14,0.505
2008,0.525,0.154,0.179,1.348,1.01,NA,0.213,0.156,1.41,0.597,0.859,1.425,0.54,0.459,0.365,0.351,0.485,0.958,1.754,1.002,0.345,0.581,1.064,1.353,1.423,0.864,0.632,1.507,0.386,1.21,1.763,1,1.377,0.238,0.889,0.841,1.408,1.171,NA,0.456,0.185,0.276,0.143,0.733,0.365,NA,NA,0.99,0.881,0.154,NA,0.191,0.616,0.2,0.228,0.287,0.38,0.718,0.196,0.149,0.188,0.124,NA,NA,0.222,0.245,0.146,0.385,0.872,1.257,0.033,0.074,0.148,NA,0.395,0.986,1.067,0.392,1.091,0.822,0.169,0.5,0.211,0.233,0.565,1.095,1.198,0.093,0.95,0.929,0.556,0.143,0.035,NA,0.896,0.934,1.284,1.098,0.722,0.39,0.64,0.133,0.279,1.785,1.226,0.52,0.877,1.347,1.023,0.244,0.77,1.15,1.218,0.818,1.579,1.649,1.423,0.271,0.862,1.057,0.218,0.584,0.765,0.804,0.652,0.182,1.317
2009,0.546,0.237,0.322,1.487,1.115,NA,0.352,0.235,1.503,0.545,0.996,1.595,0.462,0.547,0.39,0.311,0.465,0.674,1.161,1.257,0.323,0.505,0.761,1.067,1.194,0.736,0.842,1.663,0.426,1.129,1.307,1.112,1.03,0.181,0.596,0.64,1.195,0.906,NA,1.278,0.18,NA,NA,0.291,0.241,NA,NA,0.915,0.835,0.504,NA,0.305,1.002,0.19,0.874,0.514,0.997,0.394,0.372,0.165,0.254,0.122,NA,NA,0.259,0.413,0.143,1.095,1.714,1.247,0.089,0.087,0.254,NA,1.233,0.865,0.795,0.341,0.739,1.022,0.959,1.094,1.491,1.486,0.467,0.87,0.992,0.049,0.544,0.655,0.46,0.112,NA,NA,0.504,1.152,0.964,1.821,0.944,1.406,1.121,0.974,0.258,1.585,1.281,1.028,1.541,2.07,1.217,0.953,1.387,0.744,0.872,0.675,1.077,1.515,1.512,0.146,0.649,0.974,0.71,1.579,2.126,2.004,1.608,0.1,2.024
2010,0.307,0.145,0.217,1.233,0.664,NA,0.296,0.132,1.34,0.437,0.712,1.403,0.313,0.369,0.33,0.209,0.244,0.372,0.271,0.769,0.07,0.125,0.225,0.311,0.287,0.251,0.837,0.886,0.094,0.14,0.254,0.796,0.686,0.062,0.115,0.127,0.216,0.209,NA,0.626,0.096,NA,NA,0.093,0.089,NA,NA,0.762,0.803,0.384,NA,0.167,0.678,0.051,0.548,0.332,0.537,0.079,0.121,0.145,0.275,NA,NA,NA,NA,1.276,0.694,0.415,0.37,0.297,0.116,0.195,NA,NA,0.388,NA,NA,0.132,0.27,0.238,0.329,0.208,0.415,0.498,NA,NA,NA,NA,0.196,0.137,0.081,0.122,NA,NA,NA,0.226,0.266,0.506,0.237,0.424,0.175,0.262,0.06,0.483,0.263,0.198,0.43,0.594,0.371,0.315,0.404,0.265,0.333,0.158,0.304,0.261,0.583,0.097,0.106,0.157,0.222,0.354,0.345,0.565,0.56,0.112,0.478
